Deutsch,Französisch,Elsässisch,Département,nom_commune,latitude,longitude
Achenheim,Achenheim,Àchene,Unterelsass,Strasbourg,48.57126798,7.767526795
Achenheim,Achenheim,Àchene,Unterelsass,Strasbourg,48.57126798,7.767526795
Achenheim,Achenheim,Àchene,Unterelsass,Strasbourg,48.57126798,7.767526795
Adamsweiler,Adamswiller,Àdàmswiller,Unterelsass,Saverne,48.74022501,7.342062382
Adamsweiler,Adamswiller,Àdàmswiller,Unterelsass,Saverne,48.74022501,7.342062382
Adamsweiler,Adamswiller,Àdàmswiller,Unterelsass,Saverne,48.74022501,7.342062382
Algolsheim,Algolsheim,Àlgelse,Oberelsass,Colmar-Ribeauvillé,,
Allenweiler,Allenwiller,Àllewiller,Unterelsass,Saverne,48.74022501,7.342062382
Allenweiler,Allenwiller,Àllewiller,Unterelsass,Saverne,48.74022501,7.342062382
Allenweiler,Allenwiller,Àllewiller,Unterelsass,Saverne,48.74022501,7.342062382
Altdorf,Altorf,Àldorf,Unterelsass,Molsheim,48.54471962,7.49950013
Alteckendorf,Alteckendorf,Àltackedorf,Unterelsass,Strasbourg,48.57126798,7.767526795
Alteckendorf,Alteckendorf,Àltackedorf,Unterelsass,Strasbourg,48.57126798,7.767526795
Alteckendorf,Alteckendorf,Àltackedorf,Unterelsass,Strasbourg,48.57126798,7.767526795
Altenach,Altenach,Àltenàch,Oberelsass,Altkirch,47.62103365,7.244843296
Altenheim,Altenheim,Àltene,Unterelsass,Saverne,48.74022501,7.342062382
Altenheim,Altenheim,Àltene,Unterelsass,Saverne,48.74022501,7.342062382
Altenheim,Altenheim,Àltene,Unterelsass,Saverne,48.74022501,7.342062382
Altkirch,Altkirch,Àltkìrech,Oberelsass,Altkirch,47.62103365,7.244843296
Altmünsterol,Montreux-Vieux,(*) Àltmìnschtràl,Oberelsass,Altkirch,47.62103365,7.244843296
Altpfirt,Vieux-Ferrette,Àlt-Pfìrt,Oberelsass,Altkirch,47.62103365,7.244843296
Altthann,Vieux-Thann,Àlt-Dànn,Oberelsass,Thann-Guebwiller,,
Altweier,Aubure,Altwihr,Oberelsass,Colmar-Ribeauvillé,,
Altweiler,Altwiller,Àltwiller,Unterelsass,Saverne,48.74022501,7.342062382
Altweiler,Altwiller,Àltwiller,Unterelsass,Saverne,48.74022501,7.342062382
Altweiler,Altwiller,Àltwiller,Unterelsass,Saverne,48.74022501,7.342062382
Ammerschweier,Ammerschwihr,Ammerschwihr,Oberelsass,Ribeauvillé,48.20651392,7.286724683
Ammerzweiler,Ammertzwiller,Àmmerzwìller,Oberelsass,Altkirch,47.62103365,7.244843296
Andlau,Andlau,Àndlöi,Unterelsass,Sélestat-Erstein,,
Andolsheim,Andolsheim,Àndelse,Oberelsass,Colmar-Ribeauvillé,,
Appenweiher,Appenwihr,Àppewihr,Oberelsass,Colmar,48.10994058,7.384686903
Artolsheim,Artolsheim,Àrtelse,Unterelsass,Sélestat-Erstein,,
Arzenheim,Artzenheim,Ààrze,Oberelsass,Colmar,48.10994058,7.384686903
Aschbach,Aschbach,Àschbàch,Unterelsass,Haguenau-Wissembourg,,
Aspach,Aspach,Ààschpi,Oberelsass,Altkirch,47.62103365,7.244843296
Aßweiler,Asswiller,Àsswiller,Unterelsass,Saverne,48.74022501,7.342062382
Aßweiler,Asswiller,Àsswiller,Unterelsass,Saverne,48.74022501,7.342062382
Aßweiler,Asswiller,Àsswiller,Unterelsass,Saverne,48.74022501,7.342062382
Attenschweiler,Attenschwiller,Àtteschwìller,Oberelsass,Mulhouse,47.7491633,7.325700475
Attenschweiler,Attenschwiller,Àtteschwìller,Oberelsass,Mulhouse,47.7491633,7.325700475
Attenschweiler,Attenschwiller,Àtteschwìller,Oberelsass,Mulhouse,47.7491633,7.325700475
Attenschweiler,Attenschwiller,Àtteschwìller,Oberelsass,Mulhouse,47.7491633,7.325700475
Au,Lauw,d Ài,Oberelsass,Thann-Guebwiller,,
Auenheim,Auenheim,Auenem,Unterelsass,Haguenau-Wissembourg,,
Avolsheim,Avolsheim,Àvelse,Unterelsass,Molsheim,48.54471962,7.49950013
Bad Morsbronn,Morsbronn-les-Bains,Morschbrunn,Unterelsass,Haguenau-Wissembourg,,
Bad Niederbronn,Niederbronn-les-Bains,Nìderbrunn,Unterelsass,Haguenau-Wissembourg,,
Balbronn,Balbronn,Bàlwere,Unterelsass,Molsheim,48.54471962,7.49950013
Baldenheim,Baldenheim,Bàldene,Unterelsass,Sélestat-Erstein,,
Baldersheim,Baldersheim,Bàldersche,Oberelsass,Mülhausen,,
Balgau,Balgau,Bàlgäu,Oberelsass,Colmar-Ribeauvillé,,
Ballersdorf,Ballersdorf,Bàllerschdorf,Oberelsass,Altkirch,47.62103365,7.244843296
Balschweiler,Balschwiller,Bàlschwìller,Oberelsass,Altkirch,47.62103365,7.244843296
Balzenheim,Baltzenheim,Bàlze,Oberelsass,Colmar-Ribeauvillé,,
Banzenheim,Bantzenheim,Bànzene,Oberelsass,Mulhouse,47.7491633,7.325700475
Banzenheim,Bantzenheim,Bànzene,Oberelsass,Mulhouse,47.7491633,7.325700475
Banzenheim,Bantzenheim,Bànzene,Oberelsass,Mulhouse,47.7491633,7.325700475
Banzenheim,Bantzenheim,Bànzene,Oberelsass,Mulhouse,47.7491633,7.325700475
Barenbach,Barembach,(*) Bàrebàch,Unterelsass,Molsheim,48.54471962,7.49950013
Bärendorf,Baerendorf,Bäredorf,Unterelsass,Zabern,,
Baronsweiler,Bellemagny,(*) Baretswiller,Oberelsass,Altkirch,47.62103365,7.244843296
Barr,Barr,Bàrr,Unterelsass,Sélestat-Erstein,,
Bartenheim,Bartenheim,Bàrtene,Oberelsass,Mulhouse,47.7491633,7.325700475
Bartenheim,Bartenheim,Bàrtene,Oberelsass,Mulhouse,47.7491633,7.325700475
Bartenheim,Bartenheim,Bàrtene,Oberelsass,Mulhouse,47.7491633,7.325700475
Bartenheim,Bartenheim,Bàrtene,Oberelsass,Mulhouse,47.7491633,7.325700475
Bassenberg,Bassemberg,(*),Unterelsass,Sélestat-Erstein,,
Battenheim,Battenheim,Bàttene,Oberelsass,Mulhouse,47.7491633,7.325700475
Battenheim,Battenheim,Bàttene,Oberelsass,Mulhouse,47.7491633,7.325700475
Battenheim,Battenheim,Bàttene,Oberelsass,Mulhouse,47.7491633,7.325700475
Battenheim,Battenheim,Bàttene,Oberelsass,Mulhouse,47.7491633,7.325700475
Batzendorf,Batzendorf,Bàtzedorf,Unterelsass,Haguenau-Wissembourg,,
Bebelnheim,Beblenheim,Bawle,Oberelsass,Colmar-Ribeauvillé,,
Beinheim,Beinheim,Bänem,Unterelsass,Haguenau-Wissembourg,,
Bendorf,Bendorf,Banderf,Oberelsass,Altkirch,47.62103365,7.244843296
Benfeld,Benfeld,Banfald,Unterelsass,Sélestat-Erstein,,
Bennweier,Bennwihr,Bànnwihr,Oberelsass,Colmar-Ribeauvillé,,
Berenzweiler,Berentzwiller,Barezwiller,Oberelsass,Altkirch,47.62103365,7.244843296
Berg,Berg,Bärich,Unterelsass,Saverne,48.74022501,7.342062382
Berg,Berg,Bärich,Unterelsass,Saverne,48.74022501,7.342062382
Berg,Berg,Bärich,Unterelsass,Saverne,48.74022501,7.342062382
Bergbieten,Bergbieten,Baribiete / Biete,Unterelsass,Molsheim,48.54471962,7.49950013
Bergheim,Bergheim,Barige,Oberelsass,Colmar-Ribeauvillé,,
Bergholz,Bergholtz,Bargholz,Oberelsass,Thann-Guebwiller,,
Bergholz-Zell,Bergholtzzell,Bargholzzàll,Oberelsass,Thann-Guebwiller,,
Berheim-Irmstett,Scharrachbergheim-Irmstett,Barige-ìrmstett,Unterelsass,Molsheim,48.54471962,7.49950013
Bernhardsweiler,Bernardvillé,Batschwiller (ìm Loch),Unterelsass,Sélestat-Erstein,,
Bernhardsweiler,Bernardswiller,Batschwiller,Unterelsass,Sélestat-Erstein,,
Bernolsheim,Bernolsheim,Banze,Unterelsass,Haguenau-Wissembourg,,
Bernweiler,Bernwiller,Barnwiller,Oberelsass,Thann-Guebwiller,,
Berrweiler,Berrwiller,Barrwiller,Oberelsass,Thann-Guebwiller|,,
Berstett,Berstett,Barstett,Unterelsass,Saverne,48.74022501,7.342062382
Berstett,Berstett,Barstett,Unterelsass,Saverne,48.74022501,7.342062382
Berstett,Berstett,Barstett,Unterelsass,Saverne,48.74022501,7.342062382
Berstheim,Berstheim,Barschem,Unterelsass,Haguenau-Wissembourg,,
Betschdorf,Betschdorf,Batschdorf,Unterelsass,Haguenau-Wissembourg,,
Bettendorf,Bettendorf,Batterf,Oberelsass,Altkirch,47.62103365,7.244843296
Bettlach,Bettlach,Bättlàch,Oberelsass,Altkirch,47.62103365,7.244843296
Bettweiler,Bettwiller,Bättwiller,Unterelsass,Saverne,48.74022501,7.342062382
Bettweiler,Bettwiller,Bättwiller,Unterelsass,Saverne,48.74022501,7.342062382
Bettweiler,Bettwiller,Bättwiller,Unterelsass,Saverne,48.74022501,7.342062382
Biblisheim,Biblisheim,Bìwelse,Unterelsass,Haguenau-Wissembourg,,
Biederthal,Biederthal,Bierthel,Oberelsass,Altkirch,47.62103365,7.244843296
Biesheim,Biesheim,Biese,Oberelsass,Colmar-Ribeauvillé,,
Bietlenheim,Bietlenheim,Bietle,Unterelsass,Haguenau-Wissembourg,,
Bilwisheim,Bilwisheim,Bìlse,Unterelsass,Haguenau-Wissembourg,,
Bilzheim,Biltzheim,Bìlze,Oberelsass,Thann-Guebwiller,,
Bindernheim,Bindernheim,Bìndre,Unterelsass,Sélestat-Erstein,,
Birkenwald,Birkenwald,Bìrikewàld,Unterelsass,Saverne,48.74022501,7.342062382
Birkenwald,Birkenwald,Bìrikewàld,Unterelsass,Saverne,48.74022501,7.342062382
Birkenwald,Birkenwald,Bìrikewàld,Unterelsass,Saverne,48.74022501,7.342062382
Bischdorf a.d. Saar,Bischtroff-sur-Sarre,Bìschdroff,Unterelsass,Saverne,48.74022501,7.342062382
Bischdorf a.d. Saar,Bischtroff-sur-Sarre,Bìschdroff,Unterelsass,Saverne,48.74022501,7.342062382
Bischdorf a.d. Saar,Bischtroff-sur-Sarre,Bìschdroff,Unterelsass,Saverne,48.74022501,7.342062382
Bischheim,Bischheim,Bìsche,Unterelsass,Strasbourg,48.57126798,7.767526795
Bischheim,Bischheim,Bìsche,Unterelsass,Strasbourg,48.57126798,7.767526795
Bischheim,Bischheim,Bìsche,Unterelsass,Strasbourg,48.57126798,7.767526795
Bischholz,Bischholtz,Bìscholz,Unterelsass,Saverne,48.74022501,7.342062382
Bischholz,Bischholtz,Bìscholz,Unterelsass,Saverne,48.74022501,7.342062382
Bischholz,Bischholtz,Bìscholz,Unterelsass,Saverne,48.74022501,7.342062382
Bischofsheim im Elsass,Bischoffsheim,Bìsche,Unterelsass,Molsheim,48.54471962,7.49950013
Bischweier,Bischwihr,Bìschwihr,Oberelsass,Colmar-Ribeauvillé,,
Bischweiler,Bischwiller,Bìschwiller,Unterelsass,Haguenau-Wissembourg,,
Bisel,Bisel,Bìsel,Oberelsass,Altkirch,47.62103365,7.244843296
Bissert,Bissert,Bìssert,Unterelsass,Saverne,48.74022501,7.342062382
Bissert,Bissert,Bìssert,Unterelsass,Saverne,48.74022501,7.342062382
Bissert,Bissert,Bìssert,Unterelsass,Saverne,48.74022501,7.342062382
Bitschhofen,Bitschhoffen,Bìtschoffe,Unterelsass,Haguenau-Wissembourg,,
Bitschweiler,Bitschwiller-lès-Thann,Bitschwiller,Oberelsass,Thann-Guebwiller,,
Bläsheim,Blaesheim,Blaase,Unterelsass,Strasbourg,48.57126798,7.767526795
Bläsheim,Blaesheim,Blaase,Unterelsass,Strasbourg,48.57126798,7.767526795
Bläsheim,Blaesheim,Blaase,Unterelsass,Strasbourg,48.57126798,7.767526795
Blen,Plaine,(*),Unterelsass,Molsheim,48.54471962,7.49950013
Bliensbach,Blancherupt,(*),Unterelsass,Molsheim,48.54471962,7.49950013
Blienschweiler,Blienschwiller,Bleschwiller,Unterelsass,Sélestat-Erstein,,
Blodelsheim,Blodelsheim,Blodelse,Oberelsass,Thann-Guebwiller,,
Blotzheim,Blotzheim,Blohze,Oberelsass,Mulhouse,47.7491633,7.325700475
Blotzheim,Blotzheim,Blohze,Oberelsass,Mulhouse,47.7491633,7.325700475
Blotzheim,Blotzheim,Blohze,Oberelsass,Mulhouse,47.7491633,7.325700475
Blotzheim,Blotzheim,Blohze,Oberelsass,Mulhouse,47.7491633,7.325700475
Bollweiler,Bollwiller,Bollwiller,Oberelsass,Thann-Guebwiller,,
Bolsenheim,Bolsenheim,Bolsene,Unterelsass,Sélestat-Erstein,,
Boofzheim,Boofzheim,Bofze,Unterelsass,Sélestat-Erstein,,
Boozheim,Bootzheim,Booze,Unterelsass,Sélestat-Erstein,,
Börsch,Bœrsch,Bersch,Unterelsass,Molsheim,48.54471962,7.49950013
Bösenbiesen,Bœsenbiesen,Biese,Unterelsass,Sélestat-Erstein,,
Bosselshausen,Bosselshausen,Bosselshüse,Unterelsass,Saverne,48.74022501,7.342062382
Bosselshausen,Bosselshausen,Bosselshüse,Unterelsass,Saverne,48.74022501,7.342062382
Bosselshausen,Bosselshausen,Bosselshüse,Unterelsass,Saverne,48.74022501,7.342062382
Bossendorf,Bossendorf,Bossedorf,Unterelsass,Saverne,48.74022501,7.342062382
Bossendorf,Bossendorf,Bossedorf,Unterelsass,Saverne,48.74022501,7.342062382
Bossendorf,Bossendorf,Bossedorf,Unterelsass,Saverne,48.74022501,7.342062382
Breitenau,Breitenau,(*) Braitnöi,Unterelsass,Sélestat-Erstein,,
Breitenbach,Breitenbach-Haut-Rhin,Bräitebàch,Oberelsass,Colmar-Ribeauvillé,,
Breitenbach,Breitenbach,Braitebàch,Unterelsass,Sélestat-Erstein,,
Bretten,Bretten,Bratte,Oberelsass,Altkirch,47.62103365,7.244843296
Breuschwickersheim,Breuschwickersheim,Wickersche,Unterelsass,Strasbourg,48.57126798,7.767526795
Breuschwickersheim,Breuschwickersheim,Wickersche,Unterelsass,Strasbourg,48.57126798,7.767526795
Breuschwickersheim,Breuschwickersheim,Wickersche,Unterelsass,Strasbourg,48.57126798,7.767526795
Brinkheim,Brinckheim,Brìnke,Oberelsass,Mulhouse,47.7491633,7.325700475
Brinkheim,Brinckheim,Brìnke,Oberelsass,Mulhouse,47.7491633,7.325700475
Brinkheim,Brinckheim,Brìnke,Oberelsass,Mulhouse,47.7491633,7.325700475
Brinkheim,Brinckheim,Brìnke,Oberelsass,Mulhouse,47.7491633,7.325700475
Brubach,Bruebach,Bruebi,Oberelsass,Mulhouse,47.7491633,7.325700475
Brubach,Bruebach,Bruebi,Oberelsass,Mulhouse,47.7491633,7.325700475
Brubach,Bruebach,Bruebi,Oberelsass,Mulhouse,47.7491633,7.325700475
Brubach,Bruebach,Bruebi,Oberelsass,Mulhouse,47.7491633,7.325700475
Brückensweiler,Bréchaumont,Bruckedswiller,Oberelsass,Altkirch,47.62103365,7.244843296
Brumath,Brumath,Bröömt,Unterelsass,Haguenau-Wissembourg,,
Brunstatt,Brunstatt,Brunscht,Oberelsass,Mulhouse,47.7491633,7.325700475
Brunstatt,Brunstatt,Brunscht,Oberelsass,Mulhouse,47.7491633,7.325700475
Brunstatt,Brunstatt,Brunscht,Oberelsass,Mulhouse,47.7491633,7.325700475
Brunstatt,Brunstatt,Brunscht,Oberelsass,Mulhouse,47.7491633,7.325700475
Buchsweiler,Bouxwiller,Busswiller,Oberelsass,Altkirch,47.62103365,7.244843296
Buchsweiler,Bouxwiller,Busswiller,Unterelsass,Saverne,48.74022501,7.342062382
Buchsweiler,Bouxwiller,Busswiller,Unterelsass,Saverne,48.74022501,7.342062382
Buchsweiler,Bouxwiller,Busswiller,Unterelsass,Saverne,48.74022501,7.342062382
Bühl,Buhl,Beel,Oberelsass,Thann-Guebwiller,,
Bühl,Buhl,Bihl,Unterelsass,Haguenau-Wissembourg,,
Burbach,Burbach,Burbàch,Unterelsass,Saverne,48.74022501,7.342062382
Burbach,Burbach,Burbàch,Unterelsass,Saverne,48.74022501,7.342062382
Burbach,Burbach,Burbàch,Unterelsass,Saverne,48.74022501,7.342062382
Burg-Breusch / Breuscheburg,Bourg-Bruche,(*),Unterelsass,Molsheim,48.54471962,7.49950013
Burgfelden,Bourgfelden,?,Oberelsass,Mulhouse,47.7491633,7.325700475
Burgfelden,Bourgfelden,?,Oberelsass,Mulhouse,47.7491633,7.325700475
Burgfelden,Bourgfelden,?,Oberelsass,Mulhouse,47.7491633,7.325700475
Burgfelden,Bourgfelden,?,Oberelsass,Mulhouse,47.7491633,7.325700475
Burgheim,Bourgheim,Burige,Unterelsass,Sélestat-Erstein,,
Burzweiler,Bourtzwiller,,Oberelsass,Mulhouse,47.7491633,7.325700475
Burzweiler,Bourtzwiller,,Oberelsass,Mulhouse,47.7491633,7.325700475
Burzweiler,Bourtzwiller,,Oberelsass,Mulhouse,47.7491633,7.325700475
Burzweiler,Bourtzwiller,,Oberelsass,Mulhouse,47.7491633,7.325700475
Buschweiler,Buschwiller,Büschwìller,Oberelsass,Mulhouse,47.7491633,7.325700475
Buschweiler,Buschwiller,Büschwìller,Oberelsass,Mulhouse,47.7491633,7.325700475
Buschweiler,Buschwiller,Büschwìller,Oberelsass,Mulhouse,47.7491633,7.325700475
Buschweiler,Buschwiller,Büschwìller,Oberelsass,Mulhouse,47.7491633,7.325700475
Büst,Bust,Bìscht,Unterelsass,Saverne,48.74022501,7.342062382
Büst,Bust,Bìscht,Unterelsass,Saverne,48.74022501,7.342062382
Büst,Bust,Bìscht,Unterelsass,Saverne,48.74022501,7.342062382
Büsweiler,Buswiller,Bueswiller,Unterelsass,Saverne,48.74022501,7.342062382
Büsweiler,Buswiller,Bueswiller,Unterelsass,Saverne,48.74022501,7.342062382
Büsweiler,Buswiller,Bueswiller,Unterelsass,Saverne,48.74022501,7.342062382
Bütten,Butten,Bìtte,Unterelsass,Saverne,48.74022501,7.342062382
Bütten,Butten,Bìtte,Unterelsass,Saverne,48.74022501,7.342062382
Bütten,Butten,Bìtte,Unterelsass,Saverne,48.74022501,7.342062382
Bütweiler,Buethwiller,Büethwiller,Oberelsass,Altkirch,47.62103365,7.244843296
Colmar,Colmar,Colmer,Oberelsass,Colmar-Ribeauvillé,,
Dachstein,Dachstein,Dàchstaan,Unterelsass,Molsheim,48.54471962,7.49950013
Dahlenheim,Dahlenheim,Dàhle,Unterelsass,Molsheim,48.54471962,7.49950013
Dalhunden,Dalhunden,Dalhunde,Unterelsass,Haguenau-Wissembourg,,
Dambach,Dambach,Dàmbàch,Unterelsass,Haguenau-Wissembourg,,
Dambach,Dambach-la-Ville,Dàmbàch,Unterelsass,Schlettstadt-Erstein,,
Dammerkirch,Dannemarie,Dàmmerkìlch,Oberelsass,Altkirch,47.62103365,7.244843296
Dangolsheim,Dangolsheim,Dàngelse,Unterelsass,Molsheim,48.54471962,7.49950013
Daubensand,Daubensand,Düwesànd,Unterelsass,Schlettstadt-Erstein,,
Dauendorf,Dauendorf,Dàiedorf / Dauedorf,Unterelsass,Haguenau-Wissembourg,,
Dehlingen,Dehlingen,Dählinge,Unterelsass,Zabern,,
Dessenheim,Dessenheim,Dassene,Oberelsass,Colmar-Ribeauvillé,,
Dettweiler,Dettwiller,Dettwiller,Unterelsass,Zabern,,
Deutsch-Rumbach,Rombach-le-Franc,(*) Rumbach,Oberelsass,Colmar-Ribeauvillé,,
Didenheim,Didenheim,Dìdene,Oberelsass,Mülhausen,,
Diebolsheim,Diebolsheim,Dìwelse,Unterelsass,Schlettstadt-Erstein,,
Diedendorf,Diedendorf,Dììdedorf,Unterelsass,Zabern,,
Diedolshausen,Le Bonhomme,(*) Bonom,Oberelsass,Colmar-Ribeauvillé,,
Diefenbach bei Wörth,Dieffenbach-lès-Wœrth,Diefebàch,Unterelsass,Haguenau-Wissembourg,,
Diefenbach im Tal,Dieffenbach-au-Val,Diefebach,Unterelsass,Schlettstadt-Erstein,,
Diefenthal,Dieffenthal,Diefetal,Unterelsass,Schlettstadt-Erstein,,
Diefmatten,Diefmatten,Diefmàtte,Oberelsass,Altkirch,47.62103365,7.244843296
Diemeringen,Diemeringen,Dììmeringe,Unterelsass,Zabern,,
Dietweiler,Dietwiller,Dietwiller,Oberelsass,Mülhausen,,
Dimbstal,Dimbsthal,Dìmschtel,Unterelsass,Zabern,,
Dingsheim,Dingsheim,Dìngse,Unterelsass,Straßburg-Land,,
Dinsheim,Dinsheim-sur-Bruche,Dìnse,Unterelsass,Molsheim,48.54471962,7.49950013
Dollern,Dolleren,Dollere,Oberelsass,Thann,47.81391113,7.095024572
Domfessel,Domfessel,Domfassel,Unterelsass,Zabern,,
Donnenheim,Donnenheim,Dunnene,Unterelsass,Straßburg-Land,,
Dorlisheim,Dorlisheim,Dorelse,Unterelsass,Molsheim,48.54471962,7.49950013
Dossenheim,Dossenheim-sur-Zinsel,Duusne,Unterelsass,Zabern,,
Dossenheim-Kochersberg,Dossenheim-Kochersberg,Doosne,Unterelsass,Straßburg-Land,,
Drachenbronn-Birlenbach,Drachenbronn-Birlenbach,Dràchebrunn-Bìrlebach,Unterelsass,Haguenau-Wissembourg,,
Dreiähren,Les Trois-Épis,,Oberelsass,,,
Drulingen,Drulingen,Drulìnge,Unterelsass,Zabern,,
Drusenheim,Drusenheim,Drösem / Drüsenem,Unterelsass,Haguenau-Wissembourg,,
Dunzenheim,Duntzenheim,Dunzne,Unterelsass,Straßburg-Land,,
Düppigheim,Duppigheim,Dìppje,Unterelsass,Straßburg-Land,,
Durlinsdorf,Durlinsdorf,Deerlersterf,Oberelsass,Altkirch,47.62103365,7.244843296
Durmenach,Durmenach,Dìrmene,Oberelsass,Altkirch,47.62103365,7.244843296
Dürningen,Durningen,Dìrnìnge,Unterelsass,Straßburg-Land,,
Dürrenbach,Durrenbach,Dìrrebàch,Unterelsass,Haguenau-Wissembourg,,
Dürrenenzen,Durrenentzen,Dìrrenanze,Oberelsass,Colmar-Ribeauvillé,,
Durstel,Durstel,Durschtel,Unterelsass,Zabern,,
Düttelnheim,Duttlenheim,Dìttle,Unterelsass,Molsheim,48.54471962,7.49950013
Eberbach bei Selz,Eberbach-Seltz,Äwerbàch,Unterelsass,Haguenau-Wissembourg,,
Eberbach bei Wörth,Eberbach-Wœrth,,Unterelsass,,,
Ebersheim,Ebersheim,Awersche,Unterelsass,Schlettstadt-Erstein,,
Ebersmünster,Ebersmunster,Awerschmìnster,Unterelsass,Schlettstadt-Erstein,,
Eckartsweiler,Eckartswiller,Eckertswiller,Unterelsass,Zabern,,
Eckbolsheim,Eckbolsheim,Eckelse,Unterelsass,Straßburg-Land,,
Eckwersheim,Eckwersheim,Eckbersche,Unterelsass,Straßburg-Land,,
Egisheim,Eguisheim,Exe,Oberelsass,Colmar-Ribeauvillé,,
Eglingen,Eglingen,Eglìnge,Oberelsass,Altkirch,47.62103365,7.244843296
Ehnweier,Ehnwihr,,Unterelsass,,,
Eichhofen im Elsass,Eichhoffen,Äschhoffe,Unterelsass,Schlettstadt-Erstein,,
Eichwald,Chalampé,Schàlàmpi,Oberelsass,Mülhausen,,
Ellbach,Elbach,Albach,Oberelsass,Altkirch,47.62103365,7.244843296
Elsenheim,Elsenheim,Else,Unterelsass,Schlettstadt-Erstein,,
Emlingen,Emlingen,Emlìnge,Oberelsass,Altkirch,47.62103365,7.244843296
Engweiler,Engwiller,Angwìller,Unterelsass,Haguenau-Wissembourg,,
Ensisheim,Ensisheim,Anze,Oberelsass,Gebweiler,,
Enzheim,Entzheim,Anze,Unterelsass,Straßburg-Land,,
Epfig,Epfig,Apfig,Unterelsass,Schlettstadt-Erstein,,
Ergersheim,Ergersheim,Arische,Unterelsass,Molsheim,48.54471962,7.49950013
Erkartsweiler,Erckartswiller,Erkertswiller,Unterelsass,Zabern,,
Erlenbach,Albé,Erlebàch,Unterelsass,Schlettstadt-Erstein,,
Ernolsheim,Ernolsheim-Bruche,Arelse,Unterelsass,Molsheim,48.54471962,7.49950013
Ernolsheim,Ernolsheim-lès-Saverne,Arelse,Unterelsass,Zabern,,
Erstein,Erstein,Eerstain,Unterelsass,Schlettstadt-Erstein,,
Eschau,Eschau,Aschöi,Unterelsass,Straßburg-Land,,
Eschbach,Eschbach,Eschbàch,Unterelsass,Haguenau-Wissembourg,,
Eschbach im Tal,Eschbach-au-Val,Eschbe im Dàl,Oberelsass,Colmar-Ribeauvillé,,
Eschburg,Eschbourg,Eschburi,Unterelsass,Zabern,,
Eschenzweiler,Eschentzwiller,Aschedswiller,Oberelsass,Mülhausen,,
Eschweiler,Eschwiller,Eschwiller,Unterelsass,Zabern,,
Ettendorf,Ettendorf,Attedorf,Unterelsass,Straßburg-Land,,
Eyweiler,Eywiller,Äiwiller,Unterelsass,Zabern,,
Falkweiler,Falkwiller,Fàlkwiller,Oberelsass,Altkirch,47.62103365,7.244843296
Fegersheim,Fegersheim,Fajersche,Unterelsass,Straßburg-Land,,
Feldbach,Feldbach,Falbe,Oberelsass,Altkirch,47.62103365,7.244843296
Feldkirch,Feldkirch,Faldkìrech,Oberelsass,Gebweiler,,
Felleringen,Fellering,Falleri,Oberelsass,Thann,47.81391113,7.095024572
Fessenheim,Fessenheim-le-Bas,Fassne,Unterelsass,Straßburg-Land,,
Fessenheim,Fessenheim,Fassene,Oberelsass,Gebweiler,,
Fislis,Fislis,Feeslis,Oberelsass,Altkirch,47.62103365,7.244843296
Flachslanden,Flaxlanden,Flàxlànde,Oberelsass,Mülhausen,,
Flexburg,Flexbourg,Flagschburi,Unterelsass,Molsheim,48.54471962,7.49950013
Forstfeld,Forstfeld,Forschfald,Unterelsass,Haguenau-Wissembourg,,
Forstheim,Forstheim,Forschem,Unterelsass,Haguenau-Wissembourg,,
Fort-Louis,Fort-Louis,For-Lui,Unterelsass,Haguenau-Wissembourg,,
Fortschweier,Fortschwihr,Fortschwihr,Oberelsass,Colmar-Ribeauvillé,,
Franken,Franken,Frànke,Oberelsass,Altkirch,47.62103365,7.244843296
Frankenburg,Frankenbourg,,Unterelsass,,,
Friedolsheim,Friedolsheim,Freedelse,Unterelsass,Straßburg-Land,,
Friesen,Friesen,Friese,Oberelsass,Altkirch,47.62103365,7.244843296
Friesenheim,Friesenheim,Friesene,Unterelsass,Schlettstadt-Erstein,,
Frohmühl,Frohmuhl,Frohmìl,Unterelsass,Zabern,,
Fröningen,Frœningen,Frehnige,Oberelsass,Altkirch,47.62103365,7.244843296
Fröschweiler,Frœschwiller,Freschwiller,Unterelsass,Haguenau-Wissembourg,,
Füllern,Fulleren,Fìllere,Oberelsass,Altkirch,47.62103365,7.244843296
Furchhausen,Furchhausen,Furichhüse,Unterelsass,Zabern,,
Fürdenheim,Furdenheim,Fìrne,Unterelsass,Straßburg-Land,,
Galfingen,Galfingue,Gàlfìnge,Oberelsass,Mülhausen,,
Gambsheim,Gambsheim,Gàmbse,Unterelsass,Straßburg-Land,,
Geberschweier,Gueberschwihr,Gawerschwihr,Oberelsass,Gebweiler,,
Gebweiler,Guebwiller,Gawiller,Oberelsass,Gebweiler,,
Geishausen,Geishouse,Gaishüse,Oberelsass,Thann,47.81391113,7.095024572
Geispitzen,Geispitzen,Gaispìtze,Oberelsass,Mülhausen,,
Geispolsheim,Geispolsheim,Gäispìtze,Unterelsass,Straßburg-Land,,
Geiswasser,Geiswasser,Geisswàsser,Oberelsass,Colmar-Ribeauvillé,,
Geisweiler,Geiswiller,Gäiswiller,Unterelsass,Straßburg-Land,,
Gemar,Guémar,Geemàr,Oberelsass,Colmar-Ribeauvillé,,
Gensburg,Gensbourg,,Unterelsass,,,
Gereuth,Neubois,Grit,Unterelsass,Schlettstadt-Erstein,,
Gerstheim,Gerstheim,Geerschte,Unterelsass,Schlettstadt-Erstein,,
Gertweiler,Gertwiller,Gertwiller,Unterelsass,Schlettstadt-Erstein,,
Geudertheim,Geudertheim,Gaiderte,Unterelsass,Straßburg-Land,,
Gevenatten,Guevenatten,Gavenàtt,Oberelsass,Altkirch,47.62103365,7.244843296
Gewenheim,Guewenheim,Gaiwene,Oberelsass,Thann,47.81391113,7.095024572
Gildweiler,Gildwiller,Gìldwìller,Oberelsass,Altkirch,47.62103365,7.244843296
Gingsheim,Gingsheim,Gìngse,Unterelsass,Straßburg-Land,,
Goldbach-Altenbach,Goldbach-Altenbach,Golbàch-Àltebàch,Oberelsass,Thann,47.81391113,7.095024572
Gommersdorf,Gommersdorf,Gummerschdorf,Oberelsass,Altkirch,47.62103365,7.244843296
Görlingen,Gœrlingen,Geerlinge,Unterelsass,Zabern,,
Görsdorf,Gœrsdorf,Gerschdorf,Unterelsass,Haguenau-Wissembourg,,
Gottenhausen,Gottenhouse,Gottehüse,Unterelsass,Zabern,,
Gottesheim,Gottesheim,Gottsne,Unterelsass,Zabern,,
Gottesthal-Luttern,Valdieu-Lutran,(*) Grüene-Lüttre,Oberelsass,Altkirch,47.62103365,7.244843296
Goxweiler,Goxwiller,Gogschwiller,Unterelsass,Schlettstadt-Erstein,,
Grassendorf,Grassendorf,Gràssedorf,Unterelsass,Straßburg-Land,,
Grendelbruch,Grendelbruch,Grandelbrüech,Unterelsass,Molsheim,48.54471962,7.49950013
Grenzingen,Grentzingen,Granzìnge,Oberelsass,Altkirch,47.62103365,7.244843296
Greßweiler,Gresswiller,Grasswiller,Unterelsass,Molsheim,48.54471962,7.49950013
Gries,Gries,Gries,Unterelsass,Straßburg-Land,,
Griesbach,Griesbach-le-Bastberg,Grischbe,Unterelsass,Zabern,,
Griesbach,Griesbach,Grischbe,Unterelsass,Haguenau-Wissembourg,,
Griesbach im Tal,Griesbach-au-Val,Grischbe im Dàl,Oberelsass,Colmar-Ribeauvillé,,
Griesheim bei Molsheim,Griesheim-près-Molsheim,Griese,Unterelsass,Molsheim,48.54471962,7.49950013
Griesheim,Griesheim-sur-Souffel,Griese,Unterelsass,Straßburg-Land,,
Groß Rumbach,Grand Rombach,,Oberelsass,,,
Grube im Weilertal,Fouchy,(*) Grüeb,Unterelsass,Schlettstadt-Erstein,,
Grussenheim,Grussenheim,Grüsse,Oberelsass,Colmar-Ribeauvillé,,
Gugenheim,Gougenheim,Gööne,Unterelsass,Straßburg-Land,,
Gumprechtshofen,Gumbrechtshoffen,Gumbertshoffe,Unterelsass,Haguenau-Wissembourg,,
Gundershofen,Gundershoffen,Gunderschoffe,Unterelsass,Haguenau-Wissembourg,,
Gundolsheim,Gundolsheim,Gungelse,Oberelsass,Gebweiler,,
Gungweiler,Gungwiller,Gungwiller,Unterelsass,Zabern,,
Gunsbach,Gunsbach,Gìnschbe,Oberelsass,Colmar-Ribeauvillé,,
Günstett,Gunstett,Gunstett,Unterelsass,Haguenau-Wissembourg,,
Habsheim,Habsheim,Hàbse,Oberelsass,Mülhausen,,
Hägen,Haegen,Haaje / Haage,Unterelsass,Zabern,,
Hagenau,Haguenau,Hàwenau / Hàjenöi,Unterelsass,Haguenau-Wissembourg,,
Hagenbach,Hagenbach,Hàgebàch,Oberelsass,Altkirch,47.62103365,7.244843296
Handschuheim,Handschuheim,Hänsche / Hansche,Unterelsass,Straßburg-Land,,
Hangenbieten,Hangenbieten,Hàngebiete,Unterelsass,Straßburg-Land,,
Harskirchen,Harskirchen,Hàschkìech,Unterelsass,Zabern,,
Harthausen,Harthouse,,,,,
Hartmannsweiler,Hartmannswiller,Hàrtmànnswiller,Oberelsass,Gebweiler,,
Häsingen,Hésingue,Häsige,Oberelsass,Mülhausen,,
Hatten,Hatten,Hàtte,Unterelsass,Haguenau-Wissembourg,,
Hattmatt,Hattmatt,Hàttmàtt,Unterelsass,Zabern,,
Hattstatt,Hattstatt,Hàttschet,Oberelsass,Gebweiler,,
Hausen,Houssen,Hüssa / Hùza,Oberelsass,,,
Häusern,Husseren-les-Châteaux,Hìsre,Oberelsass,Colmar-Ribeauvillé,,
Hausgauen,Hausgauen,Hüsgaie,Oberelsass,Altkirch,47.62103365,7.244843296
Haussen,Houssen,Hüse,Oberelsass,Colmar-Ribeauvillé,,
Hecken,Hecken,Hecke,Oberelsass,Altkirch,47.62103365,7.244843296
Hegeney,Hegeney,Hajenai,Unterelsass,Haguenau-Wissembourg,,
Hegenheim,Hégenheim,Hagene,Oberelsass,Mülhausen,,
Heidolsheim,Heidolsheim,Haidelse,Unterelsass,Schlettstadt-Erstein,,
Heidweiler,Heidwiller,Haidwìller,Oberelsass,Altkirch,47.62103365,7.244843296
Heiligenberg,Heiligenberg,Hellebari,Unterelsass,Molsheim,48.54471962,7.49950013
Heiligenstein,Heiligenstein,Heljestään,Unterelsass,Schlettstadt-Erstein,,
Heiligkreuz,Sainte-Croix-en-Plaine,Heilikriz,Oberelsass,Colmar-Ribeauvillé,,
Heimersdorf,Heimersdorf,Haimersdorf,Oberelsass,Altkirch,47.62103365,7.244843296
Heimsbrunn,Heimsbrunn,Hemschprung,Oberelsass,Mülhausen,,
Heiteren,Heiteren,Haitre,Oberelsass,Colmar-Ribeauvillé,,
Heiweiler,Heiwiller,Haiwìller,Oberelsass,Altkirch,47.62103365,7.244843296
Helfrantskirch,Helfrantzkirch,,Oberelsass,,,
Helfranzkirch,Helfrantzkirch,Halfrànzchìlech,Oberelsass,Mülhausen,,
Henflingen,Henflingen,Haiflìnge,Oberelsass,Altkirch,47.62103365,7.244843296
Hengweiler,Hengwiller,Hangwiller,Unterelsass,Zabern,,
Herbitzheim,Herbitzheim,Herzum,Unterelsass,Zabern,,
Herbsheim,Herbsheim,Herbse,Unterelsass,Schlettstadt-Erstein,,
Herlisheim,Herrlisheim-près-Colmar,Herrlese,Oberelsass,Colmar-Ribeauvillé,,
Herlisheim,Herrlisheim,Harelse,Unterelsass,Haguenau-Wissembourg,,
Hermersweiler,Hermerswiller,,Unterelsass,,,
Hessenheim,Hessenheim,Hesse,Unterelsass,Schlettstadt-Erstein,,
Hettenschlag,Hettenschlag,Hetteschlàg,Oberelsass,Colmar-Ribeauvillé,,
Hilsenheim,Hilsenheim,Hìlse,Unterelsass,Schlettstadt-Erstein,,
Hindisheim,Hindisheim,Hìndse,Unterelsass,Schlettstadt-Erstein,,
Hindlingen,Hindlingen,Hìndlìnge,Oberelsass,Altkirch,47.62103365,7.244843296
Hinsburg,Hinsbourg,Hìnschburi,Unterelsass,Zabern,,
Hinsingen,Hinsingen,Hinsìnge,Unterelsass,Zabern,,
Hipsheim,Hipsheim,Hìpse,Unterelsass,Schlettstadt-Erstein,,
Hirschland,Hirschland,Hìrschland,Unterelsass,Zabern,,
Hirsingen,Hirsingue,Hìrsinge,Oberelsass,Altkirch,47.62103365,7.244843296
Hirzbach,Hirtzbach,Hìrzbàch,Oberelsass,Altkirch,47.62103365,7.244843296
Hirzfelden,Hirtzfelden,Hìrzfalde,Oberelsass,Gebweiler,,
Hochfelden,Hochfelden,Huffalde,Unterelsass,Straßburg-Land,,
Hochstatt,Hochstatt,Huuscht,Oberelsass,Altkirch,47.62103365,7.244843296
Hochstett,Hochstett,Heestett,Unterelsass,Haguenau-Wissembourg,,
Hofen,Hoffen,Hoffe,Unterelsass,Haguenau-Wissembourg,,
Hohatzenheim,Hohatzenheim,Àtzne,Unterelsass,Straßburg-Land,,
Hohengöft,Hohengœft,Hohgäft,Unterelsass,Zabern,,
Hohfrankenheim,Hohfrankenheim,Huhfrànkne,Unterelsass,Straßburg-Land,,
Hohrod,Hohrod,Hohrod,Oberelsass,Colmar-Ribeauvillé,,
Hohwald,Le Hohwald,de Hoowàld,Unterelsass,Schlettstadt-Erstein,,
Hohweiler,Hohwiller,,Unterelsass,,,
Holzheim,Holtzheim,Holze,Unterelsass,Straßburg-Land,,
Holzweier,Holtzwihr,Holzwihr,Oberelsass,Colmar-Ribeauvillé,,
Homburg,Hombourg,Humburg,Oberelsass,Mülhausen,,
Hönheim,Hœnheim,Heene,Unterelsass,Straßburg-Land,,
Horburg-Weier,Horbourg-Wihr,Horwrig-Wihr,Oberelsass,Colmar-Ribeauvillé,,
Hördt,Hœrdt,Herdt,Unterelsass,Straßburg-Land,,
Hunaweier,Hunawihr,Hunewihr,Oberelsass,Colmar-Ribeauvillé,,
Hundsbach,Hundsbach,Hundsbe,Oberelsass,Altkirch,47.62103365,7.244843296
Hüningen,Huningue,Hìnige,Oberelsass,Mülhausen,,
Hunspach,Hunspach,Hunschpàch,Unterelsass,Haguenau-Wissembourg,,
Hürtigheim,Hurtigheim,Hírrige,Unterelsass,Straßburg-Land,,
Hüsseren-Wesserling,Husseren-Wesserling,Hüser-Wasserlìng,Oberelsass,Thann,47.81391113,7.095024572
Hüttendorf,Huttendorf,Hìttedorf,Unterelsass,Haguenau-Wissembourg,,
Hüttenheim,Huttenheim,Hìttene,Unterelsass,Schlettstadt-Erstein,,
Hüttingen,Huttingue,,Oberelsass,,,
Ichtratzheim,Ichtratzheim,Ischterze,Unterelsass,Schlettstadt-Erstein,,
Illfurt,Illfurth,ìllfert,Oberelsass,Altkirch,47.62103365,7.244843296
Illhäusern,Illhaeusern,ìllhìsre,Oberelsass,Colmar-Ribeauvillé,,
Illkirch-Grafenstaden,Illkirch-Graffenstaden,ìllkìrich-Gràffestàde,Unterelsass,Straßburg-Land,,
Illzach,Illzach,Ìllzig,Oberelsass,Mülhausen,,
Ingenheim,Ingenheim,ìngne,Unterelsass,Straßburg-Land,,
Ingersheim,Ingersheim,ìngersche,Oberelsass,Colmar-Ribeauvillé,,
Ingolsheim,Ingolsheim,ìngelse,Unterelsass,Haguenau-Wissembourg,,
Ingweiler,Ingwiller,ìngwiller,Unterelsass,Zabern,,
Innenheim,Innenheim,ìnnle,Unterelsass,Schlettstadt-Erstein,,
Isenheim,Issenheim,Ìsene,Oberelsass,Gebweiler,,
Issenhausen,Issenhausen,Issehüse,Unterelsass,Straßburg-Land,,
Ittenheim,Ittenheim,Ittene,Unterelsass,Straßburg-Land,,
Ittersweiler,Itterswiller,Itterschwiller,Unterelsass,Schlettstadt-Erstein,,
Jebsheim,Jebsheim,Jebse,Oberelsass,Colmar-Ribeauvillé,,
Jettersweiler,Jetterswiller,Jetterschwiller,Unterelsass,Zabern,,
Jettingen,Jettingen,Jettige,Oberelsass,Altkirch,47.62103365,7.244843296
Jungholz,Jungholtz,Jungholz,Oberelsass,Gebweiler,,
Jungmünsterol,Montreux-Jeune,(*) Jungmìnschtràl,Oberelsass,Altkirch,47.62103365,7.244843296
Kaltenhausen,Kaltenhouse,Kàltehüse,Unterelsass,Haguenau-Wissembourg,,
Kampenheim,Champenay,,Unterelsass,,,
Kappeln,Kappelen,Chàppele,Oberelsass,Mülhausen,,
Karspach,Carspach,Karschbach,Oberelsass,Altkirch,47.62103365,7.244843296
Katzenthal,Katzenthal,Kàtzedàl,Oberelsass,Colmar-Ribeauvillé,,
Kauffenheim,Kauffenheim,Kafem,Unterelsass,Haguenau-Wissembourg,,
Kaysersberg,Kaysersberg,Kaiserschbàrig,Oberelsass,Colmar-Ribeauvillé,,
Keffenach,Keffenach,Keffenàch,Unterelsass,Haguenau-Wissembourg,,
Kembs,Kembs,Chems,Oberelsass,Mülhausen,,
Kembs-Löchle,Kembs-Loechlé,,,,,
Kerzfeld,Kertzfeld,Kerzfald,Unterelsass,Schlettstadt-Erstein,,
Keskastel,Keskastel,Kàschel,Unterelsass,Zabern,,
Kesseldorf,Kesseldorf,Kesseldorf,Unterelsass,Haguenau-Wissembourg,,
Kestenholz,Châtenois,Keschteholz,Unterelsass,Schlettstadt-Erstein,,
Kienheim,Kienheim,Kiene,Unterelsass,Straßburg-Land,,
Kienzheim,Kientzheim,Kienze,Oberelsass,Colmar-Ribeauvillé,,
Kienzweiler,Kientzvillé,,,,,
Kiffis,Kiffis,Chìfis,Oberelsass,Altkirch,47.62103365,7.244843296
Kilstett,Kilstett,Kilstett,Unterelsass,Straßburg-Land,,
Kindweiler,Kindwiller,Kìndwìller,Unterelsass,Haguenau-Wissembourg,,
Kingersheim,Kingersheim,Kìngersche,Oberelsass,Mülhausen,,
Kinzheim,Kintzheim,Kìnze,Unterelsass,Schlettstadt-Erstein,,
Kirberg,Kirrberg,Kieberich,Unterelsass,Zabern,,
Kirchberg,Kirchberg,Kìrechbarg,Oberelsass,Thann,47.81391113,7.095024572
Kirchheim,Kirchheim,Kìriche,Unterelsass,Molsheim,48.54471962,7.49950013
Kirweiler,Kirrwiller,Kìrrwiller,Unterelsass,Zabern,,
Kleeburg,Cleebourg,Kleeburi,Unterelsass,Haguenau-Wissembourg,,
Klein Wingen,Petit-Wingen,,,,,
Klein Wisch,Petit-Wisches,,,,,
Kleine Höhe,Petit-Haut,,,,,
Kleingöft,Kleingœft,Klängäft,Unterelsass,Zabern,,
Kleinlandau,Petit-Landau,Làndài,Oberelsass,Mülhausen,,
Klimbach,Climbach,Klimbàch,Unterelsass,Haguenau-Wissembourg,,
Kloster Ölenberg,Oelenberg-Couvent,,,,,
Knöringen,Knœringue,Knehrige,Oberelsass,Mülhausen,,
Knörsheim,Knœrsheim,Knersche,Unterelsass,Zabern,,
Kogenheim,Kogenheim,Koiene,Unterelsass,Schlettstadt-Erstein,,
Kolbsheim,Kolbsheim,Kolbse,Unterelsass,Straßburg-Land,,
Kolrein,Colroy-la-Roche,(*),Unterelsass,Molsheim,48.54471962,7.49950013
Königsbrück,Koenigsbruck,,Unterelsass,,,
Koßweiler,Cosswiller,Kosswiller,Unterelsass,Molsheim,48.54471962,7.49950013
Köstlach,Kœstlach,Chäschli,Oberelsass,Altkirch,47.62103365,7.244843296
Kötzingen,Koetzingue,Ketzige,Oberelsass,Mülhausen,,
Krastatt,Crastatt,Gràscht,Unterelsass,Zabern,,
Krautergersheim,Krautergersheim,Krüterrische,Unterelsass,Schlettstadt-Erstein,,
Krautweiler,Krautwiller,Krütwiller,Unterelsass,Straßburg-Land,,
Kriegsheim,Kriegsheim,Kriejse,Unterelsass,Straßburg-Land,,
Kronenburg,Cronenbourg (Teil von Strasbourg),,Unterelsass,Strasbourg-Ville,,
Kröttweiler,Crœttwiller,Krappere,Unterelsass,Haguenau-Wissembourg,,
Krüt,Kruth,Krit,Oberelsass,Thann,47.81391113,7.095024572
Kunheim,Kunheim,Kuene,Oberelsass,Colmar-Ribeauvillé,,
Kurzenhausen,Kurtzenhouse,Kurzehüse,Unterelsass,Straßburg-Land,,
Küttolsheim,Kuttolsheim,Kìttelse,Unterelsass,Straßburg-Land,,
Kutzenhausen,Kutzenhausen,Kutzehüse,Unterelsass,Haguenau-Wissembourg,,
Laach oder Lach,Lalaye,(*) Lààch,Unterelsass,Schlettstadt-Erstein,,
Lampertheim,Lampertheim,Làmperte,Unterelsass,Straßburg-Land,,
Lampertsloch,Lampertsloch,Làmpertschloch,Unterelsass,Haguenau-Wissembourg,,
Landersheim,Landersheim,Làndersche,Unterelsass,Zabern,,
Landser,Landser,Làndser,Oberelsass,Mülhausen,,
Langensulzbach,Langensoultzbach,Làngesulzbàch,Unterelsass,Haguenau-Wissembourg,,
Largizen,Largitzen,Làrgìtze,Oberelsass,Altkirch,47.62103365,7.244843296
Laubach,Laubach,Laubàch,Unterelsass,Haguenau-Wissembourg,,
Lautenbach,Lautenbach,Lütebàch,Oberelsass,Gebweiler,,
Lautenbachzell,Lautenbachzell,Lütebàchzall,Oberelsass,Gebweiler,,
Lauterburg,Lauterbourg,Lüterburi,Unterelsass,Haguenau-Wissembourg,,
Leberau,Lièpvre,(*) Laweröi,Oberelsass,Colmar-Ribeauvillé,,
Leimbach,Leimbach,Laimbàch,Oberelsass,Thann,47.81391113,7.095024572
Leimen,Leymen,Layme,Oberelsass,Mülhausen,,
Leitersweiler,Leiterswiller,,,,,
Lembach,Lembach,Lämbàch,Unterelsass,Haguenau-Wissembourg,,
Leutenheim,Leutenheim,Littenem,Unterelsass,Haguenau-Wissembourg,,
Lichtenberg,Lichtenberg,Lììschteburi,Unterelsass,Zabern,,
Liebensweiler,Liebenswiller,Liebedswìller,Oberelsass,Mülhausen,,
Liebsdorf,Liebsdorf,Liebsderf,Oberelsass,Altkirch,47.62103365,7.244843296
Limersheim,Limersheim,Limersche,Unterelsass,Schlettstadt-Erstein,,
Lingolsheim,Lingolsheim,Lìngelse,Unterelsass,Straßburg-Land,,
Linsdorf,Linsdorf,Lìnschderf,Oberelsass,Altkirch,47.62103365,7.244843296
Linthal,Linthal,Lìntel,Oberelsass,Gebweiler,,
Lipsheim,Lipsheim,Lìpse,Unterelsass,Straßburg-Land,,
Littenheim,Littenheim,Littne,Unterelsass,Zabern,,
Lixhausen,Lixhausen,Lìxhüse,Unterelsass,Straßburg-Land,,
Lobsann,Lobsann,Lüsann,Unterelsass,Haguenau-Wissembourg,,
Lochweiler,Lochwiller,Lochwiller,Unterelsass,Zabern,,
Logelnheim,Logelheim,Logele,Oberelsass,Colmar-Ribeauvillé,,
Lohr,Lohr,Lohr,Unterelsass,Zabern,,
Lorenzen,Lorentzen,Loränze,Unterelsass,Zabern,,
Luffendorf,Levoncourt,(*) Lüffederf,Oberelsass,Altkirch,47.62103365,7.244843296
Lümschweiler,Luemschwiller,Lüemschwìller,Oberelsass,Altkirch,47.62103365,7.244843296
Lupstein,Lupstein,Lupschte,Unterelsass,Zabern,,
Luttenbach bei Münster,Luttenbach-près-Munster,Lüttebà bi Mìnschter,Oberelsass,Colmar-Ribeauvillé,,
Lutter,Lutter,Lütter,Oberelsass,Altkirch,47.62103365,7.244843296
Lutterbach,Lutterbach,Lütterbàch,Oberelsass,Mülhausen,,
Lützel,Lucelle,Lìtzel,Oberelsass,Altkirch,47.62103365,7.244843296
Lützelhausen,Lutzelhouse,Lìtzelhüse,Unterelsass,Molsheim,48.54471962,7.49950013
Lützelstein,La Petite-Pierre,Lìtzelstäin,Unterelsass,Zabern,,
Lüxdorf,Ligsdorf,Lìgschderf,Oberelsass,Altkirch,47.62103365,7.244843296
Mackenheim,Mackenheim,Màckene,Unterelsass,Schlettstadt-Erstein,,
Mackweiler,Mackwiller,Mackwiller,Unterelsass,Zabern,,
Malmerspach,Malmerspach,Màlmerschbàch,Oberelsass,Thann,47.81391113,7.095024572
Männolsheim,Maennolsheim,Mannelse,Unterelsass,Zabern,,
Manspach,Manspach,Mànschbàch,Oberelsass,Altkirch,47.62103365,7.244843296
Markirch,Sainte-Marie-aux-Mines,Màrkirich,Oberelsass,Colmar-Ribeauvillé,,
Markolsheim,Marckolsheim,Màrkelse,Unterelsass,Schlettstadt-Erstein,,
Marlenheim,Marlenheim,Mààrle,Unterelsass,Molsheim,48.54471962,7.49950013
Marxenhausen,Marxenhouse,,,,,
Masmünster,Masevaux,Màsmìnschter,Oberelsass,Thann,47.81391113,7.095024572
Matzenheim,Matzenheim,Màtzene,Unterelsass,Schlettstadt-Erstein,,
Maursmünster,Marmoutier,Màschmìnschter,Unterelsass,Zabern,,
Meienheim,Meyenheim,Maiene,Oberelsass,Gebweiler,,
Meisengott,Maisonsgoutte,Maisegott,Unterelsass,Schlettstadt-Erstein,,
Meistratzheim,Meistratzheim,Mäischterze,Unterelsass,Schlettstadt-Erstein,,
Melsheim,Melsheim,Malse,Unterelsass,Straßburg-Land,,
Memmelshofen,Memmelshoffen,Mammelshoffe,Unterelsass,Haguenau-Wissembourg,,
Menchhofen,Menchhoffen,Manischoffe,Unterelsass,Zabern,,
Menglatt,Magny,(*) Màngloot,Oberelsass,Altkirch,47.62103365,7.244843296
Merkweiler-Pechelbronn,Merkwiller-Pechelbronn,Merikwiller-Beschelbrunn,Unterelsass,Haguenau-Wissembourg,,
Merxheim,Merxheim,Marxe,Oberelsass,Gebweiler,,
Merzen,Mertzen,Merze,Oberelsass,Altkirch,47.62103365,7.244843296
Merzweiler,Mertzwiller,Merzwiller,Unterelsass,Haguenau-Wissembourg,,
Metzeral,Metzeral,Matzeràl,Oberelsass,Colmar-Ribeauvillé,,
Michelbach,Michelbach,Mìchelbàch,Oberelsass,Thann,47.81391113,7.095024572
Michelbrunn,Grandfontaine,Grossbrunn,Unterelsass,Molsheim,48.54471962,7.49950013
Mietesheim,Mietesheim,Mietsem,Unterelsass,Haguenau-Wissembourg,,
Minversheim,Minversheim,Mìnversche,Unterelsass,Straßburg-Land,,
Mittelbergheim,Mittelbergheim,Mìttelbarige,Unterelsass,Schlettstadt-Erstein,,
Mittelhausbergen,Mittelhausbergen,Mìttelhüsbarje,Unterelsass,Straßburg-Land,,
Mittelhausen,Mittelhausen,Mìttelhüse,Unterelsass,Straßburg-Land,,
Mittelschäffolsheim,Mittelschaeffolsheim,Mìttelschafelse,Unterelsass,Straßburg-Land,,
Mittelscher,Charbes,,,,,
Mittel-Weier,Mittelwihr,Mìttelwihr,Oberelsass,Colmar-Ribeauvillé,,
Mittlach,Mittlach,Mìttlàch,Oberelsass,Colmar-Ribeauvillé,,
Mitzach,Mitzach,Mìtzàch,Oberelsass,Thann,47.81391113,7.095024572
Mollau,Mollau,Mollo,Oberelsass,Thann,47.81391113,7.095024572
Mollkirch,Mollkirch,Mollkìrich,Unterelsass,Molsheim,48.54471962,7.49950013
Molsheim,Molsheim,Molse,Unterelsass,Molsheim,48.54471962,7.49950013
Mommenheim,Mommenheim,Mummle,Unterelsass,Straßburg-Land,,
Monsweiler,Monswiller,Monswiller,Unterelsass,Zabern,,
Moosch,Moosch,Mohsch,Oberelsass,Thann,47.81391113,7.095024572
Moos (Teil von Mooslarg),Mooslargue,Moos-Neederlàrg,Oberelsass,Altkirch,47.62103365,7.244843296
Mooslarg,Mooslargue,Moos-Neederlàrg,Oberelsass,Altkirch,47.62103365,7.244843296
Mörnach,Mœrnach,Merne,Oberelsass,Altkirch,47.62103365,7.244843296
Morschweiler,Morschwiller,Morschwìller,Unterelsass,Haguenau-Wissembourg,,
Morzweiler,Mortzwiller,Morzwiller,Oberelsass,Thann,47.81391113,7.095024572
Mothern,Mothern,Modere,Unterelsass,Haguenau-Wissembourg,,
Mühlbach an der Breusch,Muhlbach-sur-Bruche,Meelbàch,Unterelsass,Molsheim,48.54471962,7.49950013
Mühlbach im Elsaß,Muhlbach-sur-Munster,Mìlbe,Oberelsass,Colmar,48.10994058,7.384686903
Mühlhausen b. Zabern,Mulhausen,Mielhüse,Unterelsass,Zabern,,
Mülhausen,Mulhouse,Milhüüsa,Oberelsass,Mülhausen,,
Münchhausen,Munchhouse,Mìnkhüse,Oberelsass,Gebweiler,,
Münchhausen,Munchhausen,Minichhause,Unterelsass,Haguenau-Wissembourg,,
Mundolsheim,Mundolsheim,Mundelse,Unterelsass,Straßburg-Land,,
Münster im Elsass,Munster,Mìnschter,Oberelsass,Colmar-Ribeauvillé,,
Munweiler,Munwiller,Munwiller,Oberelsass,Gebweiler,,
Munzenheim,Muntzenheim,Munze,Oberelsass,Colmar-Ribeauvillé,,
Murbach,Murbach,Müerbàch,Oberelsass,Gebweiler,,
Muspach,Muespach,Müeschbe,Oberelsass,Altkirch,47.62103365,7.244843296
Mussig,Mussig,Müssig,Unterelsass,Schlettstadt-Erstein,,
Müttersholz,Muttersholtz,Mieterschulz,Unterelsass,Schlettstadt-Erstein,,
Mutzenhausen,Mutzenhouse,Mutzehüse,Unterelsass,Straßburg-Land,,
Mutzig,Mutzig,Mützig,Unterelsass,Molsheim,48.54471962,7.49950013
Nambsheim,Nambsheim,Nàmbse,Oberelsass,Colmar,48.10994058,7.384686903
Natzweiler,Natzwiller,Nàswil,Unterelsass,Molsheim,48.54471962,7.49950013
Nehweiler,Neewiller-près-Lauterbourg,Nawiller,Unterelsass,Haguenau-Wissembourg,,
Nehweiler bei Wörth,Nehwiller,,,,,
Neu-Breisach,Neuf-Brisach,Nej-Brisàch,Oberelsass,Colmar,48.10994058,7.384686903
Neuburg (Teil von Dauendorf),Neubourg (Teil von Dauendorf),,Unterelsass,Haguenau-Wissembourg,,
Neudorf b. Hüningen,Village-Neuf,Neidorf,Oberelsass,Mülhausen,,
Neugartheim-Ittlenheim,Neugartheim-Ittlenheim,Neierte-ìttle,Unterelsass,Straßburg-Land,,
Neuhäusel,Neuhaeusel,Neihisel,Unterelsass,Haguenau-Wissembourg,,
Neukirch,Neuve-Église,Neikìrich,Unterelsass,Schlettstadt-Erstein,,
Neunhofen,Neunhoffen,,,,,
Neu-Weiler,Neuwiller,Neiwìller,Oberelsass,Mülhausen,,
Neuweiler,Neuviller-la-Roche,(*),Unterelsass,Molsheim,48.54471962,7.49950013
Neuweiler,Neuwiller-lès-Saverne,Neiwiller,Unterelsass,Zabern,,
Niederaltdorf,Niederaltdorf,,,,,
Niederaspach,Aspach-le-Bas,Neederàschbàch,Oberelsass,Thann,47.81391113,7.095024572
Niederbruck,Niederbruck,Nìderbrucke,Oberelsass,Thann,47.81391113,7.095024572
Niederburbach,Bourbach-le-Bas,Neederburbàch,Oberelsass,Thann,47.81391113,7.095024572
Niederburnhaupt,Burnhaupt-le-Bas,Neederburnhaipt,Oberelsass,Thann,47.81391113,7.095024572
Niederehnheim,Niedernai,Nìdernahn,Unterelsass,Schlettstadt-Erstein,,
Niederenzen,Niederentzen,Neederanze,Oberelsass,Gebweiler,,
Niederhagenthal,Hagenthal-le-Bas,Neederhàgethàl,Oberelsass,Mülhausen,,
Niederhaslach,Niederhaslach,ìngerhosle,Unterelsass,Molsheim,48.54471962,7.49950013
Niederhausbergen,Niederhausbergen,Nìderhüsbarje,Unterelsass,Straßburg-Land,,
Niederhergheim,Niederhergheim,Neederherge,Oberelsass,Gebweiler,,
Niederlarg (Teil von Mooslarg),Mooslargue,Moos-Neederlàrg,Oberelsass,Altkirch,47.62103365,7.244843296
Niederlauterbach,Niederlauterbach,Niderlauterbach,Unterelsass,Haguenau-Wissembourg,,
Niedermagstatt,Magstatt-le-Bas,Màschgetz,Oberelsass,Mülhausen,,
Nieder-Michelbach,Michelbach-le-Bas,Needermìchelbàch,Oberelsass,Mülhausen,,
Niedermodern,Niedermodern,Nìdermodere,Unterelsass,Zabern,,
Niedermorschweier,Niedermorschwihr,Niedermorschwihr,Oberelsass,Rappoltsweiler,,
Niedermorschweiler,Morschwiller-le-Bas,Needermorschwìller,Oberelsass,Mülhausen,,
Niedermüspach,Muespach-le-Bas,Needermüeschbe,Oberelsass,Altkirch,47.62103365,7.244843296
Niederranspach,Ranspach-le-Bas,Neederraischbe,Oberelsass,Mülhausen,,
Niederrödern,Niederrœdern,Nìderreddere,Unterelsass,Haguenau-Wissembourg,,
Niederschäffolsheim,Niederschaeffolsheim,Nìderschafelse,Unterelsass,Haguenau-Wissembourg,,
Niedersept,Seppois-le-Bas,Sept,Oberelsass,Altkirch,47.62103365,7.244843296
Niederspechbach,Spechbach-le-Bas,Neederspachbi,Oberelsass,Altkirch,47.62103365,7.244843296
Niedersteinbach,Niedersteinbach,Nìderstanbach,Unterelsass,Haguenau-Wissembourg,,
Niedersteinbrunn,Steinbrunn-le-Bas,Niederstaibrunn,Oberelsass,Mülhausen,,
Niedersulzbach,Soppe-le-Bas,Needersulzbàch,Oberelsass,Thann,47.81391113,7.095024572
Niedersulzbach,Niedersoultzbach,Nìdersulzbach,Unterelsass,Zabern,,
Niedertraubach,Traubach-le-Bas,Needertröibàch,Oberelsass,Altkirch,47.62103365,7.244843296
Niffer,Niffer,Nìfer,Oberelsass,Mülhausen,,
Nordhausen,Nordhouse,Nààrds,Unterelsass,Schlettstadt-Erstein,,
Nordheim,Nordheim,Nààrde,Unterelsass,Molsheim,48.54471962,7.49950013
Nothalten,Nothalten,Nuutelt,Unterelsass,Schlettstadt-Erstein,,
Obenheim,Obenheim,Owene,Unterelsass,Schlettstadt-Erstein,,
Ober Andlau,Haut-Andlau,,Unterelsass,Schlettstadt-Erstein,,
Oberaspach,Aspach-le-Haut,Eweràschbàch,Oberelsass,Thann,47.81391113,7.095024572
Oberbronn,Oberbronn,Owerbrunn,Unterelsass,Haguenau-Wissembourg,,
Oberbruck,Oberbruck,Owerbrucke,Oberelsass,Thann,47.81391113,7.095024572
Oberburbach,Bourbach-le-Haut,Ewerburbàch,Oberelsass,Thann,47.81391113,7.095024572
Oberburnhaupt,Burnhaupt-le-Haut,Ewerburnhaipt,Oberelsass,Thann,47.81391113,7.095024572
Oberdorf,Oberdorf,Oberdorf,Oberelsass,Altkirch,47.62103365,7.244843296
Oberdorf-Spachbach,Oberdorf-Spachbach,Owerdorf-Spàchbàch,Unterelsass,Haguenau-Wissembourg,,
Oberehnheim,Obernai,Ewernahn,Unterelsass,Schlettstadt-Erstein,,
Oberenzen,Oberentzen,Oweranze,Oberelsass,Gebweiler,,
Oberhagenthal,Hagenthal-le-Haut,Oberhàgethàl,Oberelsass,Mülhausen,,
Oberhaslach,Oberhaslach,Ewerhosle,Unterelsass,Molsheim,48.54471962,7.49950013
Oberhausbergen,Oberhausbergen,Ìwerhüsbàrje,Unterelsass,Straßburg-Land,,
Oberhergheim,Oberhergheim,Owerherge,Oberelsass,Gebweiler,,
Oberhofen,Oberhoffen-lès-Wissembourg,Owerhoffe,Unterelsass,Haguenau-Wissembourg,,
Oberhofen an der Moder,Oberhoffen-sur-Moder,Ewerhoffe,Unterelsass,Haguenau-Wissembourg,,
Oberlarg,Oberlarg,Oberlàrg,Oberelsass,Altkirch,47.62103365,7.244843296
Oberlauterbach,Oberlauterbach,Owerlauterbàch,Unterelsass,Haguenau-Wissembourg,,
Obermagstatt,Magstatt-le-Haut,Obermàschgetz,Oberelsass,Mülhausen,,
Ober-Michelbach,Michelbach-le-Haut,Obermìchelbàch,Oberelsass,Mülhausen,,
Obermodern-Zutzendorf,Obermodern-Zutzendorf,Owermodre-Zutzedorf,Unterelsass,Zabern,,
Obermorschweier,Obermorschwihr,Owermorschwihr,Oberelsass,Colmar,48.10994058,7.384686903
Obermorschweiler,Obermorschwiller,Owermorschwìller,Oberelsass,Altkirch,47.62103365,7.244843296
Obermüspach,Muespach-le-Haut,Obermüeschbe,Oberelsass,Altkirch,47.62103365,7.244843296
Oberranspach,Ranspach-le-Haut,Oberraispe,Oberelsass,Mülhausen,,
Oberrödern,Oberrœdern,Owerreddere,Unterelsass,Haguenau-Wissembourg,,
Obersaasheim,Obersaasheim,Owersààse,Oberelsass,Colmar,48.10994058,7.384686903
Oberschäffolsheim,Oberschaeffolsheim,Schafelse,Unterelsass,Straßburg-Land,,
Obersept,Seppois-le-Haut,Obersept,Oberelsass,Altkirch,47.62103365,7.244843296
Oberspechbach,Spechbach-le-Haut,Owerspachbi,Oberelsass,Altkirch,47.62103365,7.244843296
Obersteinbach,Obersteinbach,Owerstanbach,Unterelsass,Haguenau-Wissembourg,,
Obersteinbrunn,Steinbrunn-le-Haut,Oberstaibrunn,Oberelsass,Mülhausen,,
Obersulzbach,Soppe-le-Haut,Ewersulzbàch,Oberelsass,Thann,47.81391113,7.095024572
Obersulzbach,Obersoultzbach,Owersulzbach,Unterelsass,Zabern,,
Obertraubach,Traubach-le-Haut,Ewertröibàch,Oberelsass,Altkirch,47.62103365,7.244843296
Odern,Oderen,Odere,Oberelsass,Thann,47.81391113,7.095024572
Odrazheim,Odratzheim,Oderze,Unterelsass,Molsheim,48.54471962,7.49950013
Offendorf,Offendorf,Offedorf,Unterelsass,Haguenau-Wissembourg,,
Offweiler,Offwiller,Offwìller,Unterelsass,Haguenau-Wissembourg,,
Ohlungen,Ohlungen,Ohlunge,Unterelsass,Haguenau-Wissembourg,,
Ohnenheim,Ohnenheim,Uune,Unterelsass,Schlettstadt-Erstein,,
Oltingen,Oltingue,Oltige,Oberelsass,Altkirch,47.62103365,7.244843296
Olwisheim,Olwisheim,Olse,Unterelsass,Straßburg-Land,,
Örmingen,Oermingen,Ermìnge,Unterelsass,Zabern,,
Orschweier,Orschwihr,Orschwihr,Oberelsass,Gebweiler,,
Orschweiler,Orschwiller,Orschwiller,Unterelsass,Schlettstadt-Erstein,,
Ortenburg,Ortenbourg,,Unterelsass,,,
Osenbach,Osenbach,Osebàch,Oberelsass,Gebweiler,,
Osthausen,Osthouse,Ohscht,Unterelsass,Schlettstadt-Erstein,,
Ostheim,Ostheim,Ostheim,Oberelsass,Rappoltsweiler,,
Osthofen,Osthoffen,Oschthoffe,Unterelsass,Straßburg-Land,,
Ostwald,Ostwald,Oschwàld,Unterelsass,Straßburg-Land,,
Ottendorf,Courtavon,(*) Ottederf,Oberelsass,Altkirch,47.62103365,7.244843296
Otterstal,Ottersthal,Otterschdal,Unterelsass,Zabern,,
Ottersweiler,Otterswiller,Otterschwiller,Unterelsass,Zabern,,
Ottmarsheim,Ottmarsheim,Ottmersche,Oberelsass,Mülhausen,,
Ottrott,Ottrott,Ottrott,Unterelsass,Molsheim,48.54471962,7.49950013
Ottweiler,Ottwiller,Ottwiller,Unterelsass,Zabern,,
Petersbach,Petersbach,Peterschbàch,Unterelsass,Zabern,,
Pfaffenheim,Pfaffenheim,Pfàffene,Oberelsass,Gebweiler,,
Pfaffenhofen im Elsass,Pfaffenhoffen,Pfaffoffe,Unterelsass,Zabern,,
Pfalzweier,Pfalzweyer,Pfàlzweier,Unterelsass,Zabern,,
Pfastatt,Pfastatt,Pfàscht,Oberelsass,Mülhausen,,
Pfetterhausen,Pfetterhouse,Pfatterhüse,Oberelsass,Altkirch,47.62103365,7.244843296
Pfettisheim,Pfettisheim,Pfetze,Unterelsass,Straßburg-Land,,
Pfirt,Ferrette,Pfìrt,Oberelsass,Altkirch,47.62103365,7.244843296
Pfülgriesheim,Pfulgriesheim,Filgriese,Unterelsass,Straßburg-Land,,
Plombsheim,Plobsheim,Plobse,Unterelsass,Straßburg-Land,,
Preuschdorf,Preuschdorf,Prischdorf,Unterelsass,Haguenau-Wissembourg,,
Prinzheim,Printzheim,Prìnze,Unterelsass,Zabern,,
Puberg,Puberg,Puberich,Unterelsass,Zabern,,
Pulversheim,Pulversheim,Bulwersche,Oberelsass,Gebweiler,,
Quatzenheim,Quatzenheim,Zwàtzne,Unterelsass,Straßburg-Land,,
Rädersdorf,Raedersdorf,Raderschderf,Oberelsass,Altkirch,47.62103365,7.244843296
Rädersheim,Raedersheim,Radersche,Oberelsass,Gebweiler,,
Rammersmatt,Rammersmatt,Ràmmerschmàtt,Oberelsass,Thann,47.81391113,7.095024572
Rangen,Rangen,Rànge,Unterelsass,Zabern,,
Ranspach,Ranspach,Rànschbàch,Oberelsass,Thann,47.81391113,7.095024572
Rantsweiler,Rantzwiller,Rànzwiller,Oberelsass,Mülhausen,,
Rappoltstein,Ribeaupierre,,Oberelsass,Rappoltsweiler,,
Rappoltsweiler,Ribeauvillé,Ràppschwihr,Oberelsass,Rappoltsweiler,,
Ratzweiler,Ratzwiller,Rotschwiller,Unterelsass,Zabern,,
Rauweiler,Rauwiller,Ruuwiller,Unterelsass,Zabern,,
Regisheim,Réguisheim,Rexe,Oberelsass,Gebweiler,,
Reichenweier,Riquewihr,Richewihr,Oberelsass,Rappoltsweiler,,
Reichsfeld,Reichsfeld,Risfald,Unterelsass,Schlettstadt-Erstein,,
Reichshofen,Reichshoffen,Risshoffe,Unterelsass,Haguenau-Wissembourg,,
Reichstett,Reichstett,Richstett,Unterelsass,Straßburg-Land,,
Reichweiler,Richwiller,Richwiller,Oberelsass,Mülhausen,,
Reinhardsmünster,Reinhardsmunster,Neiderfel,Unterelsass,Zabern,,
Reiningen,Reiningue,Rainige,Oberelsass,Mülhausen,,
Reipertsweiler,Reipertswiller,Rippertswiller,Unterelsass,Zabern,,
Reitweiler,Reitwiller,,,,,
Retschweiler,Retschwiller,Retschwiller,Unterelsass,Haguenau-Wissembourg,,
Retzweiler,Retzwiller,Ratzwìller,Oberelsass,Altkirch,47.62103365,7.244843296
Reutenburg,Reutenbourg,Riteburi,Unterelsass,Zabern,,
Rexingen,Rexingen,Rexinge,Unterelsass,Zabern,,
Rheinau,Rhinau,Rhinài,Unterelsass,Schlettstadt-Erstein,,
Richtolsheim,Richtolsheim,Rìchtelse,Unterelsass,Schlettstadt-Erstein,,
Riedisheim,Riedisheim,Riedese,Oberelsass,Mülhausen,,
Riedselz,Riedseltz,Ridselz,Unterelsass,Haguenau-Wissembourg,,
Riedweier,Riedwihr,Riedwihr,Oberelsass,Colmar,48.10994058,7.384686903
Riespach,Riespach,Rieschbi,Oberelsass,Altkirch,47.62103365,7.244843296
Rimbach,Rimbach-près-Guebwiller,Rìmbàch,Oberelsass,Gebweiler,,
Rimbach,Rimbach-près-Masevaux,Rìmbàch,Oberelsass,Thann,47.81391113,7.095024572
Rimbachzell,Rimbachzell,Rìmbàchzall,Oberelsass,Gebweiler,,
Rimsdorf,Rimsdorf,Rìmschdroff,Unterelsass,Zabern,,
Ringeldorf,Ringeldorf,Rìngeldorf,Unterelsass,Straßburg-Land,,
Ringendorf,Ringendorf,Rìngendorf,Unterelsass,Straßburg-Land,,
Rittershoffen,Rittershoffen,Ritterschoffe,Unterelsass,Haguenau-Wissembourg,,
Rixheim,Rixheim,Rìxe,Oberelsass,Mülhausen,,
Rodern,Rodern,Rodre,Oberelsass,Rappoltsweiler,,
Rodern,Roderen,Rodre,Oberelsass,Thann,47.81391113,7.095024572
Roggenhausen,Roggenhouse,Roggehüse,Oberelsass,Gebweiler,,
Roggensbach,Ranrupt,(*),Unterelsass,Molsheim,48.54471962,7.49950013
Rohr,Rohr,Ruur,Unterelsass,Straßburg-Land,,
Rohrweiler,Rohrwiller,Rowiller,Unterelsass,Haguenau-Wissembourg,,
Romansweiler,Romanswiller,Rumedswiller,Unterelsass,Molsheim,48.54471962,7.49950013
Roppenheim,Roppenheim,Roppenem,Unterelsass,Haguenau-Wissembourg,,
Roppenzweiler,Roppentzwiller,Roppezwiller,Oberelsass,Altkirch,47.62103365,7.244843296
Rorschweier,Rorschwihr,Rorschwihr,Oberelsass,Rappoltsweiler,,
Röschwoog,Rœschwoog,Reschwuch,Unterelsass,Haguenau-Wissembourg,,
Rosenau,Rosenau,Rosenöi,Oberelsass,Mülhausen,,
Rosenweiler,Rosenwiller,Rosewiller,Unterelsass,Molsheim,48.54471962,7.49950013
Rosheim,Rosheim,Roose,Unterelsass,Molsheim,48.54471962,7.49950013
Rossfeld,Rossfeld,Rossfald,Unterelsass,Schlettstadt-Erstein,,
Rosteig,Rosteig,Roschtai,Unterelsass,Zabern,,
Rothau,Rothau,(*) Ruudöi,Unterelsass,Molsheim,48.54471962,7.49950013
Rothbach,Rothbach,Ruubach,Unterelsass,Haguenau-Wissembourg,,
Rott,Rott,Rott (Unterelsass),Unterelsass,Haguenau-Wissembourg,,
Rottelsheim,Rottelsheim,Rottelse,Unterelsass,Straßburg-Land,,
Rüderbach,Ruederbach,Rüederbi,Oberelsass,Altkirch,47.62103365,7.244843296
Rufach,Rouffach,Rufàch,Oberelsass,Gebweiler,,
Rülisheim,Ruelisheim,Rüelese,Oberelsass,Mülhausen,,
Rumersheim,Rumersheim-le-Haut,Rümersche,Oberelsass,Gebweiler,,
Rumersheim (Teil von Berstett),Rumersheim,,Unterelsass,Straßburg-Land,,
Runzenheim,Rountzenheim,Runzenem,Unterelsass,Haguenau-Wissembourg,,
Ruprechtsau,La Robertsau,,,,,
Russ,Russ,(*) Rüss,Unterelsass,Molsheim,48.54471962,7.49950013
Rüstenhart,Rustenhart,Reschehart,Oberelsass,Gebweiler,,
Saal,Saales,(*),Unterelsass,Molsheim,48.54471962,7.49950013
Saarunion,Sarre-Union,Buckenum,Unterelsass,Zabern,,
Saarwerden,Sarrewerden,Sààrwerde,Unterelsass,Zabern,,
Saasenheim,Saasenheim,Sààse,Unterelsass,Schlettstadt-Erstein,,
Salental,Salenthal,Sàledàl,Unterelsass,Zabern,,
Salmbach,Salmbach,Sàlembàch,Unterelsass,Haguenau-Wissembourg,,
Salzern,Saulxures,(*),Unterelsass,Molsheim,48.54471962,7.49950013
Sand,Sand,Sànd,Unterelsass,Schlettstadt-Erstein,,
Sankt Amarin,Saint-Amarin,Sàntàmàrì,Oberelsass,Thann,47.81391113,7.095024572
Sankt Bernhard,Saint-Bernard,Sànkt Bernhàrd,Oberelsass,Altkirch,47.62103365,7.244843296
Sankt Blasius,Saint-Blaise-la-Roche,(*),Unterelsass,Molsheim,48.54471962,7.49950013
Sankt Cosman,Saint-Cosme,(*) Sàm Koschma,Oberelsass,Altkirch,47.62103365,7.244843296
Sankt Gallen (Teil von Thal bei Maursmünster),Saint-Gall,,,,,
Sankt Johann bei Zabern,Saint-Jean-Saverne,Sànt Johànn,Unterelsass,Zabern,,
Sankt Kreuz im Lebertal,Sainte-Croix-aux-Mines,(*) Sànkriz,Oberelsass,Rappoltsweiler,,
Sankt Leonhard,Saint-Leonard,,,,,
Sankt Ludwig,Saint-Louis,Saint-Louis,Oberelsass,Mülhausen,,
Sankt Martin,Saint-Martin,Sàm-Màrte,Unterelsass,Schlettstadt-Erstein,,
Sankt Moritz,Saint-Maurice,(*),Unterelsass,Schlettstadt-Erstein,,
Sankt Nabor,Saint-Nabor,Sant Nawer,Unterelsass,Molsheim,48.54471962,7.49950013
St. Odilienberg,Mont Sainte-Odile,,,,,
Sankt Peter,Saint-Pierre,Sampeeter,Unterelsass,Schlettstadt-Erstein,,
Sankt Peter,Saint-Pierre-sur-l'Hâte,,,,,
Sankt Petersholz,Saint-Pierre-Bois,Sàm Peterschulz,Unterelsass,Schlettstadt-Erstein,,
Sankt Pilt,Saint-Hippolyte,Sampìlt,Oberelsass,Rappoltsweiler,,
Sankt Sebastian,Saint-Sébastien,,,,,
Sankt Ulrich,Saint-Ulrich,Sant Üelri,Oberelsass,Altkirch,47.62103365,7.244843296
Sässolsheim,Saessolsheim,Saselse,Unterelsass,Straßburg-Land,,
Sausheim,Sausheim,Sàise,Oberelsass,Mülhausen,,
Schäffersheim,Schaeffersheim,Schafersche,Unterelsass,Schlettstadt-Erstein,,
Schaffhausen an der Zorn,Schaffhouse-sur-Zorn,Schaffhüse,Unterelsass,Straßburg-Land,,
Schaffhausen bei Selz,Schaffhouse-près-Seltz,Schàffhöise,Unterelsass,Haguenau-Wissembourg,,
Schaffnatt am Weiher,Chavannes-sur-l’Étang,(*),Oberelsass,Altkirch,47.62103365,7.244843296
Schalkendorf,Schalkendorf,Schàlkedorf,Unterelsass,Zabern,,
Scheibenhard,Scheibenhard,Schaiwert,Unterelsass,Haguenau-Wissembourg,,
Scherlenheim,Scherlenheim,Scharle,Unterelsass,Straßburg-Land,,
Scherweiler,Scherwiller,Scherwiller,Unterelsass,Schlettstadt-Erstein,,
Schillersdorf,Schillersdorf,Schìllerschdorf,Unterelsass,Zabern,,
Schiltigheim,Schiltigheim,Schìlige,Unterelsass,Straßburg-Land,,
Schirmeck,Schirmeck,Schirmeck,Unterelsass,Molsheim,48.54471962,7.49950013
Schirmeck-Vorbruck,Schirmeck-la-Broque,,Unterelsass,,,
Schirrhein,Schirrhein,Schirain / Schiran,Unterelsass,Haguenau-Wissembourg,,
Schirrhofen,Schirrhoffen,Schirroft / Schirroffe,Unterelsass,Haguenau-Wissembourg,,
Schleithal,Schleithal,Schlatel,Unterelsass,Haguenau-Wissembourg,,
Schlettstadt,Sélestat,Schlettstàdt,Unterelsass,Schlettstadt-Erstein,,
Schlierbach,Schlierbach,Schlierbi,Oberelsass,Mülhausen,,
Schnersheim,Schnersheim,Schnarsche,Unterelsass,Straßburg-Land,,
Schnierlach,Lapoutroie,(*) Schnierlach,Oberelsass,Rappoltsweiler,,
Schönau,Schœnau,Scheenài,Unterelsass,Schlettstadt-Erstein,,
Schönburg,Schœnbourg,Scheenburi,Unterelsass,Zabern,,
Schönenberg,Belmont,(*),Unterelsass,Molsheim,48.54471962,7.49950013
Schönenburg,Schœnenbourg,Scheeneburi,Unterelsass,Haguenau-Wissembourg,,
Schöngrund,Bellefosse,(*),Unterelsass,Molsheim,48.54471962,7.49950013
Schoppenweier,Schoppenwihr,,Oberelsass,,,
Schopperten,Schopperten,Schopperte,Unterelsass,Zabern,,
Schwabweiler,Schwabwiller,,Unterelsass,,,
Schweighausen (Teil von Lautenbach),Schweighouse,,,,,
Schweighausen bei Thann,Schweighouse-Thann,Schwaighüse-Thànn,Oberelsass,Thann,47.81391113,7.095024572
Schweighausen im Elsass,Schweighouse-sur-Moder,Schwaighüse,Unterelsass,Haguenau-Wissembourg,,
Schweinheim,Schwenheim,Schwäne,Unterelsass,Zabern,,
Schwindratzheim,Schwindratzheim,Schwìngelse,Unterelsass,Straßburg-Land,,
Schwoben,Schwoben,Schwobe,Oberelsass,Altkirch,47.62103365,7.244843296
Schwobsheim,Schwobsheim,Schwobse,Unterelsass,Schlettstadt-Erstein,,
Seebach,Seebach,Seebàch,Unterelsass,Haguenau-Wissembourg,,
Selz,Seltz,Selz,Unterelsass,Weißenburg,,
Sennheim,Cernay,Sanne,Oberelsass,Thann,47.81391113,7.095024572
Sentheim,Sentheim,Sante,Oberelsass,Thann,47.81391113,7.095024572
Sermersheim,Sermersheim,Sarmersche,Unterelsass,Schlettstadt-Erstein,,
Sessenheim,Sessenheim,Sasem / Sasene,Unterelsass,Haguenau-Wissembourg,,
Sewen,Sewen,Seewe,Oberelsass,Thann,47.81391113,7.095024572
Sickert,Sickert,Seekert,Oberelsass,Thann,47.81391113,7.095024572
Siegen,Siegen,Sije,Unterelsass,Haguenau-Wissembourg,,
Sierenz,Sierentz,Sierez,Oberelsass,Mülhausen,,
Sieweiler,Siewiller,Sììwiller,Unterelsass,Zabern,,
Sigolsheim,Sigolsheim,Seielse,Oberelsass,Rappoltsweiler,,
Silzheim,Siltzheim,Sìlze,Unterelsass,Zabern,,
Singrist,Singrist,Sìnggrìscht,Unterelsass,Zabern,,
Solbach,Solbach,Solbàch,Unterelsass,Molsheim,48.54471962,7.49950013
Sondernach,Sondernach,Sundernà,Oberelsass,Colmar,48.10994058,7.384686903
Sondersdorf,Sondersdorf,Sungerschderf,Oberelsass,Altkirch,47.62103365,7.244843296
Sparsbach,Sparsbach,Spàrschbàch,Unterelsass,Zabern,,
Staffelfelden,Staffelfelden,Stàffelfalde,Oberelsass,Thann,47.81391113,7.095024572
Stattmatten,Stattmatten,Stàttmàtte,Unterelsass,Haguenau-Wissembourg,,
Steige,Steige,(*) Stai,Unterelsass,Schlettstadt-Erstein,,
Steinbach,Steinbach,Staibàch,Oberelsass,Thann,47.81391113,7.095024572
Steinburg,Steinbourg,Staiweri,Unterelsass,Zabern,,
Steinselz,Steinseltz,Stanselz,Unterelsass,Haguenau-Wissembourg,,
Steinsulz,Steinsoultz,Staiselz,Oberelsass,Altkirch,47.62103365,7.244843296
Sternenberg,Sternenberg,Starnebarg,Oberelsass,Altkirch,47.62103365,7.244843296
Stetten,Stetten,Stette,Oberelsass,Mülhausen,,
Still,Still,Stìll,Unterelsass,Molsheim,48.54471962,7.49950013
Storkensauen,Storckensohn,Storksoh,Oberelsass,Thann,47.81391113,7.095024572
Stoßweier,Stosswihr,Stooswihr,Oberelsass,Colmar,48.10994058,7.384686903
Stotzheim,Stotzheim,Stotze,Unterelsass,Schlettstadt-Erstein,,
Straßburg,Strasbourg,Stroosburi,Unterelsass,Straßburg-Stadt,,
Struth,Struth,Struth,Unterelsass,Zabern,,
Strüth,Strueth,Strüeth,Oberelsass,Altkirch,47.62103365,7.244843296
Stundweiler,Stundwiller,Stundwiller,Unterelsass,Haguenau-Wissembourg,,
Stutzheim-Offenheim,Stutzheim-Offenheim,Stìtze-Offne,Unterelsass,Straßburg-Land,,
Suffelweyersheim,Souffelweyersheim,Süffelwirsche,Unterelsass,Straßburg-Land,,
Sufflenheim,Soufflenheim,Süfflum,Unterelsass,Haguenau-Wissembourg,,
Sulz,Soultz-Haut-Rhin,Sulz,Oberelsass,Gebweiler,,
Sulz unterm Wald,Soultz-sous-Forêts,Sulz,Unterelsass,Weißenburg,,
Bad Sulzbach,Soultzbach-les-Bains,Sulzbàch,Oberelsass,Colmar,48.10994058,7.384686903
Sulzbad,Soultz-les-Bains,Sulz,Unterelsass,Molsheim,48.54471962,7.49950013
Sulzern,Soultzeren,Sulzere,Oberelsass,Colmar,48.10994058,7.384686903
Sulzmatt,Soultzmatt,Sulzmàtt,Oberelsass,Gebweiler,,
Sundhausen,Sundhouse,Sundhüse,Unterelsass,Schlettstadt-Erstein,,
Sundhofen,Sundhoffen,Sundhofe,Oberelsass,Colmar,48.10994058,7.384686903
Surburg,Surbourg,Sürburi,Unterelsass,Haguenau-Wissembourg,,
Tagolsheim,Tagolsheim,Dàgelse,Oberelsass,Altkirch,47.62103365,7.244843296
Tagsdorf,Tagsdorf,Tàgsdorf,Oberelsass,Altkirch,47.62103365,7.244843296
Thal bei Drulingen,Thal-Drulingen,Dààl,Unterelsass,Zabern,,
Thal bei Maursmünster,Thal-Marmoutier,Dààl,Unterelsass,Zabern,,
Thann,Thann,Dànn,Oberelsass,Thann,47.81391113,7.095024572
Thannenkirch,Thannenkirch,Dànnekìrich,Oberelsass,Rappoltsweiler,,
Thannweiler,Thanvillé,Dawiller,Unterelsass,Schlettstadt-Erstein,,
Tieffenbach,Tieffenbach,Diefebàch,Unterelsass,Zabern,,
Tränheim,Traenheim,Draane,Unterelsass,Molsheim,48.54471962,7.49950013
Triembach,Triembach-au-Val,Driembàch,Unterelsass,Schlettstadt-Erstein,,
Trimbach,Trimbach,Drimbàch,Unterelsass,Haguenau-Wissembourg,,
Truchtersheim,Truchtersheim,Trüdersche,Unterelsass,Straßburg-Land,,
Türkheim,Turckheim,Tìrke,Oberelsass,Colmar,48.10994058,7.384686903
Überach,Uberach,Ìwerach,Unterelsass,Haguenau-Wissembourg,,
Überstrass,Ueberstrass,Iwerstrooss,Oberelsass,Altkirch,47.62103365,7.244843296
Uffheim,Uffheim,Üffe,Oberelsass,Mülhausen,,
Uffholz,Uffholtz,Üffholz,Oberelsass,Thann,47.81391113,7.095024572
Uhlweiler,Uhlwiller,Ühlwìller,Unterelsass,Haguenau-Wissembourg,,
Uhrweiler,Uhrwiller,Örwìller,Unterelsass,Haguenau-Wissembourg,,
Ungersheim,Ungersheim,Ungersche,Oberelsass,Gebweiler,,
Urbach a.d. Breusch,Fouday,(*),Unterelsass,Molsheim,48.54471962,7.49950013
Urbach b. Kaysersberg,Fréland,(*) Ürbach,Oberelsass,Rappoltsweiler,,
Urbeis,Orbey,(*) Urwes,Oberelsass,Rappoltsweiler,,
Urbeis,Urbeis,(*) Urwais,Unterelsass,Schlettstadt-Erstein,,
Urbis,Urbès,Urwes,Oberelsass,Thann,47.81391113,7.095024572
Urmatt,Urmatt,Ürmott,Unterelsass,Molsheim,48.54471962,7.49950013
Urschenheim,Urschenheim,Ürsche,Oberelsass,Colmar,48.10994058,7.384686903
Uttenheim,Uttenheim,Üetene,Unterelsass,Schlettstadt-Erstein,,
Uttenhofen,Uttenhoffen,Ötehoffe,Unterelsass,Haguenau-Wissembourg,,
Uttweiler,Uttwiller,Üetwiller,Unterelsass,Zabern,,
Valff,Valff,Vàlf,Unterelsass,Schlettstadt-Erstein,,
Vendenheim,Vendenheim,Vangene,Unterelsass,Straßburg-Land,,
Vierwinden,Les Quatres-Vents,,,,,
Vogelgrün,Vogelgrun,Vogelgrien,Oberelsass,Colmar,48.10994058,7.384686903
Vögtlinshofen,Vœgtlinshoffen,Vegelshofe,Oberelsass,Colmar,48.10994058,7.384686903
Volgelsheim,Volgelsheim,Volgelse,Oberelsass,Colmar,48.10994058,7.384686903
Volkensberg/Folgensburg,Folgensbourg,Folgeschburg,Oberelsass,Mülhausen,,
Volksberg,Volksberg,Volkschburi,Unterelsass,Zabern,,
Völlerdingen,Vœllerdingen,Vellerdìnge,Unterelsass,Zabern,,
Vorbruck,La Broque,(*),Unterelsass,Molsheim,48.54471962,7.49950013
Wahlbach,Wahlbach,Wàhlbi,Oberelsass,Mülhausen,,
Wahlenheim,Wahlenheim,Wàhle,Unterelsass,Haguenau-Wissembourg,,
Walbach,Walbach,Wàlbàch,Oberelsass,Colmar,48.10994058,7.384686903
Walburg,Walbourg,Wàlburi,Unterelsass,Haguenau-Wissembourg,,
Waldersbach,Waldersbach,Wàlderschbàch,Unterelsass,Molsheim,48.54471962,7.49950013
Waldhambach,Waldhambach,Hàmbàch,Unterelsass,Zabern,,
Waldighofen,Waldighofen,Wàldighofe,Oberelsass,Altkirch,47.62103365,7.244843296
Waldolwisheim,Waldolwisheim,Wololse,Unterelsass,Zabern,,
Walf,Valff,Vàlf,Unterelsass,Schlettstadt-Erstein,,
Walheim,Walheim,Wàhle,Oberelsass,Altkirch,47.62103365,7.244843296
Walk,La Walck,d Wàlik,Unterelsass,Haguenau-Wissembourg,,
Waltenheim,Waltenheim,Wàltene,Oberelsass,Mülhausen,,
Waltenheim an der Zorn,Waltenheim-sur-Zorn,Wàltene,Unterelsass,Straßburg-Land,,
Wangen,Wangen,Wànge,Unterelsass,Molsheim,48.54471962,7.49950013
Wangenburg-Engenthal,Wangenbourg-Engenthal,Wàngeburi-Angedààl,Unterelsass,Molsheim,48.54471962,7.49950013
Wanzel,La Vancelle,Wànzel,Unterelsass,Schlettstadt-Erstein,,
Wanzenau,La Wantzenau,d Wànzenöi,Unterelsass,Straßburg-Land,,
Wasselnheim,Wasselonne,Wàssle,Unterelsass,Molsheim,48.54471962,7.49950013
Wasserburg,Wasserbourg,Wàsserburig,Oberelsass,Colmar,48.10994058,7.384686903
Wattweiler,Wattwiller,Wàttwiller,Oberelsass,Thann,47.81391113,7.095024572
Weckolsheim,Weckolsheim,Wackelse,Oberelsass,Colmar,48.10994058,7.384686903
Wegscheid,Wegscheid,Wagschaid,Oberelsass,Thann,47.81391113,7.095024572
Weier auf'm Land (Teil von Horburg-Weier),Wihr-en-Plaine,Wihr uf dem Land,Oberelsass,,,
Weier im Thal,Wihr-au-Val,Wihr ìm Dàl,Oberelsass,Colmar,48.10994058,7.384686903
Weiler,Willer,Willer,Oberelsass,Altkirch,47.62103365,7.244843296
Weiler,Willer-sur-Thur,Willer,Oberelsass,Thann,47.81391113,7.095024572
Weiler,Villé,Willer,Unterelsass,Schlettstadt-Erstein,,
Weinburg,Weinbourg,Wimburi,Unterelsass,Zabern,,
Weislingen,Weislingen,Wislìnge,Unterelsass,Zabern,,
Weißenburg,Wissembourg,Waisseburch / Wisseburi,Unterelsass,Haguenau-Wissembourg,,
Weitbruch,Weitbruch,Widbrüech,Unterelsass,Haguenau-Wissembourg,,
Weitersweiler,Weiterswiller,Witerschwiller,Unterelsass,Zabern,,
Welschensteinbach,Eteimbes,(*) Welschestaibach,Oberelsass,Altkirch,47.62103365,7.244843296
Wenzweiler,Wentzwiller,Wanzwìller,Oberelsass,Mülhausen,,
Werenzhausen,Werentzhouse,Werenzhüse,Oberelsass,Altkirch,47.62103365,7.244843296
Westhalten,Westhalten,Waschthàlte,Oberelsass,Gebweiler,,
Westhausen,Westhouse,Wesch,Unterelsass,Schlettstadt-Erstein,,
Westhausen b. Maursmünster,Westhouse-Marmoutier,Weschthüse,Unterelsass,Zabern,,
Westhofen im Elsaß,Westhoffen,Weschthoffe,Unterelsass,Molsheim,48.54471962,7.49950013
Wettolsheim,Wettolsheim,Wettelse,Oberelsass,Colmar,48.10994058,7.384686903
Weyer,Weyer,Weier,Unterelsass,Zabern,,
Weyersheim,Weyersheim,Wirsche,Unterelsass,Straßburg-Land,,
Wickerschweier,Wickerschwihr,Wickerschwìhr,Oberelsass,Colmar,48.10994058,7.384686903
Wickersheim-Wilshausen,Wickersheim-Wilshausen,Wickersche,Unterelsass,Straßburg-Land,,
Wiedensohlen,Widensolen,Widsole,Oberelsass,Colmar,48.10994058,7.384686903
Wildenstein,Wildenstein,Wìldestai,Oberelsass,Thann-Guebwiller,,
Wildersbach,Wildersbach,(*) Wìlderschbàch,Unterelsass,Molsheim,48.54471962,7.49950013
Willern,Romagny,(*) Romààni,Oberelsass,Altkirch,47.62103365,7.244843296
Willgottheim,Willgottheim,Wìlde,Unterelsass,Straßburg-Land,,
Wilwisheim,Wilwisheim,Wìlse,Unterelsass,Straßburg-Land,,
Wimmenau,Wimmenau,Wimmenau,Unterelsass,Zabern,,
Winberg (Teil von Urbeis),Climont,,Unterelsass,,,
Windstein,Windstein,Wìndstain,Unterelsass,Haguenau-Wissembourg,,
Wingen,Wingen,Wìnge,Unterelsass,Haguenau-Wissembourg,,
Wingen an der Moder,Wingen-sur-Moder,Wìnge,Unterelsass,Zabern,,
Wingersheim,Wingersheim,Wìngersche,Unterelsass,Straßburg-Land,,
Winkel,Winkel,Wìnkel,Oberelsass,Altkirch,47.62103365,7.244843296
Wintershausen,Wintershouse,Wìnterschhüse,Unterelsass,Haguenau-Wissembourg,,
Winzenbach,Wintzenbach,Wìnzebàch,Unterelsass,Weißenburg,,
Winzenheim,Wintzenheim,Winzene,Oberelsass,Colmar,48.10994058,7.384686903
Winzenheim-Kochersberg,Wintzenheim-Kochersberg,Wìnzne,Unterelsass,Straßburg-Land,,
Wisch,Wisches,(*),Unterelsass,Molsheim,48.54471962,7.49950013
Wittelsheim,Wittelsheim,Wittelse,Oberelsass,Thann-Guebwiller,,
Wittenheim,Wittenheim,Wittene,Oberelsass,Mülhausen,,
Witternheim,Witternheim,Wìttre,Unterelsass,Schlettstadt-Erstein,,
Wittersdorf,Wittersdorf,Witterschdorf,Oberelsass,Altkirch,47.62103365,7.244843296
Wittersheim,Wittersheim,Wìttersche,Unterelsass,Haguenau-Wissembourg,,
Wittisheim,Wittisheim,Wìttse,Unterelsass,Schlettstadt-Erstein,,
Wiwersheim,Wiwersheim,Wiwersche,Unterelsass,Straßburg-Land,,
Wolfersdorf,Wolfersdorf,Wolferschdorf,Oberelsass,Altkirch,47.62103365,7.244843296
Wolfganzen,Wolfgantzen,Wolfgàntze,Oberelsass,Colmar,48.10994058,7.384686903
Wolfisheim,Wolfisheim,Wolfze,Unterelsass,Straßburg-Land,,
Wolfskirchen,Wolfskirchen,Wolfskìrich,Unterelsass,Zabern,,
Wolschheim,Wolschheim,Wolsche,Unterelsass,Zabern,,
Wolschweiler,Wolschwiller,Wolschwìller,Oberelsass,Altkirch,47.62103365,7.244843296
Wolxheim,Wolxheim,Wolixe,Unterelsass,Molsheim,48.54471962,7.49950013
Wörth an der Sauer,Wœrth,Werth,Unterelsass,Haguenau-Wissembourg,,
Wünheim,Wuenheim,Wüene,Oberelsass,Gebweiler,,
Zabern,Saverne,Zàwere,Unterelsass,Zabern,,
Zässingen,Zaessingue,Zäsige,Oberelsass,Mülhausen,,
Zehnacker,Zehnacker,Zehnàcker,Unterelsass,Zabern,,
Zeinheim,Zeinheim,Zäine,Unterelsass,Zabern,,
Zell,Labaroche,(*) Barosch,Oberelsass,Rappoltsweiler,,
Zellenberg,Zellenberg,Zallebari,Oberelsass,Rappoltsweiler,,
Zellweiler,Zellwiller,Zallwiller,Unterelsass,Schlettstadt-Erstein,,
Zillisheim,Zillisheim,Zìlse,Oberelsass,Mülhausen,,
Zimmerbach,Zimmerbach,Zìmmerbàch,Oberelsass,Colmar,48.10994058,7.384686903
Zimmersheim,Zimmersheim,Zìmmersche,Oberelsass,Mülhausen,,
Zinsweiler,Zinswiller,Zìnswìller,Unterelsass,Haguenau-Wissembourg,,
Zittersheim,Zittersheim,Zìttersche,Unterelsass,Zabern,,
Zöbersdorf,Zœbersdorf,Zäwerschdorf,Unterelsass,Straßburg-Land,,
